Student_ID,Name,Gender,Age,Class,City,Attendance_Percentage,Mathematics,Science,English,Social_Studies,Computer_Science,Hindi
STU00752,Rohan Reddy,Male,15,10,Hyderabad,63.6,60.0,56.0,83.0,53.0,76.0,54.0
STU00256,Vijay Malhotra,Male,18,9,Hyderabad,,71.0,65.0,46.0,33.0,65.0,53.0
STU00457,Yash Agarwal,Male,14,10,Patna,68.6,76.0,58.0,62.0,70.0,41.0,82.0
STU00456,Shreya Kumar,Male,15,9,Chennai,72.9,48.0,63.0,51.0,64.0,54.0,35.0
STU00294,Anjali Verma,Female,18,11,Hyderabad,81.8,79.0,41.0,62.0,48.0,79.0,100.0
STU00129,Anjali Gupta,Male,14,10,Kolkata,96.2,70.0,64.0,34.0,45.0,83.0,61.0
STU00238,Neha Kapoor,MALE,16,10,Chandigarh,100.0,47.0,79.0,43.0,50.0,78.0,
STU00621,Sanya Kapoor,Female,18,9,Bengaluru,80.7,78.0,39.0,68.0,52.0,,50.0
STU00514,Vihaan Patel,Female,15,9,Patna,,85.0,56.0,,54.0,79.0,75.0
STU00078,Diya Yadav,M,16,9,Patna,,63.0,37.0,20.0,40.0,62.0,51.0
STU00070,Karthik Iyer,Male,17,12,Lucknow,68.4,75.0,56.0,28.0,44.0,86.0,53.0
STU00329,Shreya Chauhan,Male,17,9,Patna,96.1,58.0,67.0,68.0,48.0,45.0,80.0
STU01113,Ananya Chauhan,Male,17,12,Pune,86.9,86.0,58.0,49.0,72.0,100.0,61.0
STU00039,Karthik Singh,Male,18,10,Chennai,85.9,,52.0,61.0,43.0,31.0,47.0
STU00616,Aman Malhotra,Female,15,9,Nagpur,100.0,76.0,72.0,63.0,45.0,67.0,33.0
STU00081,Vijay Yadav,Male,15,12,Ahmedabad,58.1,63.0,31.0,5.0,39.0,58.0,62.0
STU00096,Anjali Chauhan,Male,16,11,Kolkata,97.1,81.0,68.0,40.0,47.0,,73.0
STU00820,Krishna Patel,Male,14,9,Ahmedabad,74.7,27.0,65.0,65.0,79.0,63.0,95.0
STU00768,Aman Sharma,Female,15,11,Hyderabad,86.8,51.0,69.0,55.0,70.0,59.0,59.0
STU00094,Reyansh Nair,Male,14,10,Kolkata,71.6,94.0,76.0,82.0,70.0,87.0,49.0
STU00432,Arjun Kapoor,Female,16,11,Kolkata,80.5,,65.0,66.0,70.0,65.0,47.0
STU00861,Vihaan Malhotra,Female,14,11,Kolkata,81.3,65.0,80.0,61.0,53.0,89.0,55.0
STU01111,Deepak Kumar,Female,14,9,Delhi,93.8,72.0,66.0,38.0,66.0,54.0,76.0
STU00054,Nisha Yadav,Female,14,10,Nagpur,87.2,46.0,50.0,44.0,51.0,88.0,85.0
STU00709,Neha Iyer,Female,16,9,Mumbai,85.5,69.0,53.0,55.0,59.0,66.0,89.0
STU00353,Sai Joshi,Male,15,9,Jaipur,66.6,58.0,76.0,94.0,48.0,57.0,71.0
STU00509,Yash Rao,Female,14,11,Pune,83.3,56.0,29.0,61.0,99.0,100.0,58.0
STU00737,Diya Singh,Male,14,10,Bengaluru,80.8,94.0,55.0,58.0,100.0,62.0,50.0
STU01140,Rahul Yadav,Male,14,10,Pune,88.4,94.0,64.0,,22.0,87.0,63.0
STU00062,Meera Rao,Male,18,12,Mumbai,98.0,52.0,32.0,74.0,66.0,61.0,
STU00657,Nisha Pandey,Male,14,12,Mumbai,57.4,87.0,57.0,54.0,19.0,44.0,25.0
STU00605,Aryan Agarwal,Female,14,10,Indore,107.0,54.0,58.0,38.0,100.0,81.0,51.0
STU00093,Ishita Iyer,Female,14,9,Chennai,75.8,62.0,49.0,85.0,52.0,80.0,81.0
STU00626,Rohan Iyer,Male,15,11,Patna,76.2,47.0,93.0,43.0,80.0,57.0,52.0
STU01144,Rakesh Bhat,Male,17,9,Bhopal,91.9,54.0,80.0,55.0,35.0,108,81.0
STU00149,Vikram Iyer,Male,15,9,Nagpur,83.3,94.0,39.0,71.0,79.0,97.0,79.0
STU00639,Meera Kapoor,Female,16,12,Indore,77.0,67.0,80.0,78.0,60.0,72.0,68.0
STU01196,Priya Kumar,Female,15,12,Nagpur,82.1,65.0,48.0,77.0,26.0,100.0,69.0
STU00173,Rakesh Patel,Male,18,12,Lucknow,86.7,55.0,27.0,66.0,74.0,38.0,52.0
STU00619,Aarav Gupta,Male,16,10,Bhopal,41.6,44.0,69.0,55.0,67.0,72.0,35.0
STU00032,Rahul Agarwal,Female,14,11,Bhopal,100.0,89.0,39.0,34.0,68.0,91.0,33.0
STU01085,Deepak Agarwal,Male,14,11,Indore,65.9,42.0,54.0,34.0,71.0,83.0,48.0
STU00136,Aryan Sharma,Female,16,9,Mumbai,86.4,78.0,56.0,55.0,51.0,92.0,53.0
STU00272,Krishna Kumar,Male,16,12,Chandigarh,83.3,108,29.0,62.0,24.0,41.0,45.0
STU00462,Diya Gupta,Female,14,10,Jaipur,86.1,61.0,89.0,60.0,57.0,77.0,54.0
STU00301,Pooja Kapoor,Female,16,10,Patna,93.5,84.0,51.0,82.0,50.0,44.0,21.0
STU00567,Nisha Kapoor,Female,14,9,Nagpur,81.4,,39.0,63.0,60.0,,61.0
STU00975,Aarav Reddy,Male,16,10,Delhi,,81.0,55.0,12.0,66.0,52.0,100.0
STU00609,Sanya Malhotra,Male,16,9,Mumbai,98.0,,35.0,24.0,AB,,73.0
STU00178,Amit Agarwal,Female,14,11,Ahmedabad,79.4,98.0,60.0,75.0,43.0,83.0,57.0
STU01171,Ananya Nair,Male,17,12,Chandigarh,55.8,89.0,43.0,51.0,53.0,46.0,87.0
STU01096,Rahul Iyer,Male,17,12,Bhopal,91.6,94.0,32.0,81.0,79.0,50.0,68.0
STU00043,Neha Malhotra,Male,14,10,Hyderabad,99.9,78.0,,54.0,31.0,87.0,68.0
STU00428,Aryan Bhat,Male,17,11,Delhi,91.7,84.0,,37.0,32.0,81.0,61.0
STU00375,Dhruv Kumar,Male,15,9,Jaipur,98.2,81.0,55.0,78.0,55.0,100.0,83.0
STU01181,Neha Kapoor,Female,17,10,Hyderabad,71.2,55.0,32.0,50.0,,71.0,69.0
STU00815,Yash Gupta,Male,16,10,Indore,85.6,71.0,65.0,56.0,27.0,39.0,52.0
STU00538,Priya Kumar,Male,16,12,Ahmedabad,87.5,55.0,66.0,31.0,93.0,96.0,82.0
STU00565,Riya Chauhan,Male,15,9,Jaipur,93.7,82.0,31.0,69.0,59.0,73.0,59.0
STU00218,Diya Gupta,Female,16,9,Pune,84.4,73.0,40.0,67.0,74.0,67.0,68.0
STU01078,Sneha Rao,Male,15,9,Bhopal,80.7,21.0,96.0,,42.0,56.0,72.0
STU01006,Ishita Nair,Female,14,9,Lucknow,59.4,,45.0,34.0,57.0,74.0,52.0
STU00345,Diya Kapoor,Male,17,9,Pune,,100.0,67.0,34.0,52.0,100.0,42.0
STU00061,Diya Yadav,Male,14,10,Hyderabad,100.0,36.0,89.0,75.0,32.0,65.0,34.0
STU01055,Aryan Patel,Female,16,12,Patna,78.4,53.0,47.0,65.0,81.0,58.0,61.0
STU00391,Manoj Chauhan,Male,17,12,Mumbai,79.0,63.0,54.0,18.0,68.0,16.0,53.0
STU00607,Priya Pandey,Male,17,12,Hyderabad,82.4,59.0,49.0,22.0,54.0,46.0,45.0
STU00954,Aryan Kumar,Female,15,12,Ahmedabad,88.2,79.0,73.0,38.0,76.0,35.0,55.0
STU00450,Aditya Chauhan,Female,16,9,Bhopal,82.9,58.0,62.0,52.0,36.0,74.0,53.0
STU00882,Aarav Chauhan,Male,17,10,Pune,82.4,31.0,93.0,14.0,53.0,46.0,57.0
STU01042,Dhruv Yadav,Male,18,11,Chandigarh,89.0,63.0,36.0,46.0,55.0,75.0,71.0
STU00628,Neha Verma,Male,14,11,Kolkata,82.3,37.0,81.0,54.0,38.0,78.0,63.0
STU00124,Shreya Iyer,Female,17,10,Nagpur,78.6,62.0,61.0,50.0,48.0,,60.0
STU00332,Vivaan Singh,Male,15,11,Indore,72.9,54.0,34.0,53.0,100.0,54.0,78.0
STU00971,Reyansh Patel,Male,15,9,Nagpur,96.0,15.0,50.0,28.0,100.0,55.0,43.0
STU00655,Ananya Pandey,Female,15,9,Indore,78.8,59.0,49.0,76.0,24.0,40.0,91.0
STU00040,Riya Yadav,Male,18,9,Chandigarh,89.2,21.0,69.0,24.0,67.0,69.0,48.0
STU00233,Aarav Agarwal,Male,15,9,Kolkata,98.5,46.0,42.0,39.0,79.0,67.0,70.0
STU01192,Rakesh Nair,Female,16,12,Jaipur,85.8,45.0,94.0,88.0,70.0,87.0,50.0
STU00295,Vikram Bhat,Male,16,9,Patna,77.9,31.0,44.0,30.0,6.0,80.0,36.0
STU01132,Vivaan Mehta,Male,16,12,Hyderabad,,71.0,,77.0,25.0,78.0,46.0
STU00828,Reyansh Singh,Male,14,9,Delhi,78.6,25.0,65.0,64.0,,45.0,74.0
STU00665,Anjali Reddy,Female,14,11,Hyderabad,68.8,40.0,32.0,61.0,28.0,65.0,51.0
STU00799,Meera Malhotra,Female,17,10,Mumbai,63.6,59.0,24.0,83.0,53.0,94.0,
STU00516,Ishita Kumar,Female,16,10,Pune,,62.0,54.0,59.0,100.0,40.0,44.0
STU00908,Manoj Gupta,Female,15,9,Pune,69.2,48.0,45.0,67.0,79.0,,39.0
STU00412,Sai Yadav,Female,14,10,Bengaluru,78.2,72.0,32.0,49.0,60.0,56.0,77.0
STU00376,Amit Gupta,Male,14,12,Mumbai,83.8,100.0,73.0,57.0,85.0,66.0,96.0
STU00503,Sai Mishra,Male,14,11,Jaipur,99.2,60.0,52.0,58.0,108,68.0,73.0
STU00747,Vivaan Reddy,Male,14,9,Bhopal,94.6,50.0,51.0,79.0,52.0,32.0,
STU00918,Ananya Gupta,Male,17,9,Kolkata,86.0,92.0,57.0,86.0,59.0,72.0,38.0
STU00504,Suresh Mehta,Female,16,11,Chennai,87.0,-5,37.0,68.0,47.0,79.0,61.0
STU00427,Amit Singh,Male,15,12,Hyderabad,100.0,87.0,51.0,53.0,74.0,68.0,35.0
STU01124,Aditi Kumar,Male,18,11,Chennai,72.4,62.0,,,53.0,70.0,50.0
STU01187,Aditya Nair,Female,18,10,Ahmedabad,80.3,77.0,87.0,38.0,59.0,100.0,46.0
STU00058,Sanya Joshi,Female,17,11,Ahmedabad,97.1,71.0,46.0,49.0,26.0,,28.0
STU00465,Ananya Joshi,Female,18,9,Indore,68.4,65.0,51.0,59.0,26.0,100.0,60.0
STU00562,Kabir Singh,Male,18,11,Bhopal,,64.0,66.0,100.0,61.0,66.0,27.0
STU00994,Vikram Singh,Male,18,11,Lucknow,57.4,94.0,53.0,34.0,62.0,59.0,58.0
STU01142,Dhruv Kapoor,Male,16,12,Chandigarh,81.7,85.0,68.0,33.0,41.0,60.0,41.0
STU00909,Rohan Patel,Male,16,9,Ahmedabad,73.7,83.0,81.0,55.0,81.0,51.0,72.0
STU00641,Tanvi Malhotra,Male,16,10,Jaipur,81.5,57.0,67.0,90.0,22.0,42.0,42.0
STU00703,Krishna Kumar,Female,14,11,Kolkata,76.2,95.0,72.0,50.0,67.0,64.0,63.0
STU00084,Dhruv Kumar,Female,14,12,Delhi,59.4,43.0,50.0,76.0,45.0,58.0,
STU00777,Kavya Chauhan,Male,16,11,Delhi,93.0,52.0,50.0,30.0,58.0,88.0,89.0
STU01029,Tanvi Malhotra,Male,14,10,Kolkata,75.8,60.0,77.0,58.0,69.0,67.0,52.0
STU00108,Tanvi Patel,F,17,12,Hyderabad,100.0,39.0,58.0,61.0,23.0,91.0,78.0
STU00003,Diya Pandey,Female,15,11,Hyderabad,75.4,50.0,79.0,43.0,40.0,85.0,72.0
STU00042,Reyansh Bhat,Male,14,10,Ahmedabad,80.4,54.0,51.0,43.0,82.0,47.0,38.0
STU00764,Dhruv Gupta,Male,14,12,Pune,85.3,58.0,64.0,36.0,74.0,62.0,52.0
STU00087,Shreya Malhotra,Male,17,10,Ahmedabad,77.2,74.0,58.0,61.0,54.0,82.0,50.0
STU00483,Deepak Joshi,Female,18,12,Patna,80.9,35.0,48.0,34.0,56.0,69.0,50.0
STU00789,Kavya Kapoor,Female,18,9,Delhi,90.1,84.0,52.0,73.0,70.0,83.0,38.0
STU00221,Amit Reddy,Female,18,10,Bhopal,70.0,64.0,44.0,89.0,31.0,70.0,68.0
STU00105,Kabir Kapoor,Female,14,12,Nagpur,78.9,68.0,58.0,87.0,87.0,82.0,34.0
STU00471,Anjali Iyer,Male,14,9,Mumbai,81.8,100.0,68.0,71.0,75.0,67.0,53.0
STU01135,Arjun Agarwal,Male,18,9,Chandigarh,78.0,79.0,54.0,84.0,,62.0,57.0
STU00561,Aarav Verma,Male,17,11,Kolkata,52.9,77.0,91.0,57.0,53.0,45.0,60.0
STU00370,Tanvi Pandey,Male,14,9,Jaipur,57.9,40.0,51.0,56.0,45.0,41.0,61.0
STU00293,Ananya Mishra,Female,14,9,Hyderabad,89.0,73.0,31.0,61.0,51.0,74.0,52.0
STU00310,Aditya Gupta,Female,15,9,Pune,87.6,,66.0,52.0,61.0,61.0,65.0
STU00710,Suresh Rao,Female,18,10,Mumbai,,52.0,44.0,54.0,29.0,78.0,71.0
STU01013,Aditya Rao,Female,15,11,Chandigarh,85.0,65.0,34.0,,75.0,77.0,56.0
STU00769,Reyansh Gupta,Male,15,11,Delhi,75.2,90.0,39.0,53.0,81.0,29.0,78.0
STU00536,Meera Singh,Female,14,12,Hyderabad,71.5,55.0,15.0,61.0,42.0,52.0,60.0
STU00836,Shreya Joshi,Female,16,12,Pune,71.4,46.0,47.0,72.0,42.0,56.0,53.0
STU00893,Tanvi Singh,Female,18,9,Ahmedabad,86.7,46.0,62.0,50.0,43.0,46.0,68.0
STU00468,Diya Mishra,Male,17,9,Jaipur,100.0,58.0,82.0,54.0,51.0,42.0,59.0
STU01009,Ananya Malhotra,Male,16,12,Chennai,81.0,87.0,81.0,37.0,61.0,43.0,83.0
STU01161,Vihaan Sharma,Female,14,9,Bengaluru,100.0,62.0,73.0,47.0,46.0,35.0,48.0
STU00068,Nisha Reddy,Female,15,9,Pune,82.4,46.0,77.0,61.0,70.0,64.0,39.0
STU00270,Kavya Sharma,Male,18,11,Bengaluru,81.5,78.0,67.0,52.0,70.0,48.0,
STU00957,Aarav Kapoor,Male,15,9,Delhi,83.1,43.0,47.0,74.0,48.0,88.0,59.0
STU01190,Vijay Yadav,Male,16,9,Chennai,100.0,59.0,72.0,61.0,47.0,70.0,77.0
STU00290,Manoj Gupta,Male,16,12,Mumbai,96.1,84.0,38.0,AB,62.0,74.0,77.0
STU00951,Kavya Mehta,Female,18,11,Patna,80.9,64.0,58.0,68.0,55.0,80.0,82.0
STU00898,Ishita Singh,Male,17,10,Kolkata,75.8,64.0,71.0,37.0,97.0,61.0,92.0
STU01074,Krishna Mishra,Female,15,9,Jaipur,100.0,83.0,54.0,47.0,60.0,94.0,82.0
STU00539,Sneha Kumar,Female,15,10,Bhopal,74.7,25.0,34.0,37.0,66.0,65.0,25.0
STU00540,Ananya Bhat,Female,16,9,Jaipur,96.4,80.0,65.0,58.0,75.0,68.0,81.0
STU01185,Reyansh Kumar,Male,14,9,Chandigarh,81.3,58.0,50.0,59.0,50.0,55.0,55.0
STU01162,Karthik Yadav,male,17,12,Bhopal,96.3,65.0,56.0,57.0,92.0,81.0,57.0
STU00273,Vikram Verma,Male,14,11,Hyderabad,68.0,66.0,86.0,65.0,58.0,79.0,32.0
STU00958,Karthik Mehta,Male,16,12,Bengaluru,69.8,52.0,77.0,63.0,64.0,67.0,56.0
STU00859,Neha Nair,Male,16,10,Ahmedabad,92.7,74.0,46.0,71.0,59.0,38.0,84.0
STU01049,Deepak Pandey,Male,17,12,Pune,,86.0,67.0,84.0,68.0,87.0,100.0
STU00623,Manoj Agarwal,Female,14,12,Delhi,70.6,65.0,58.0,70.0,66.0,95.0,61.0
STU00268,Aditi Kumar,Male,14,9,Lucknow,86.3,72.0,24.0,59.0,63.0,,59.0
STU01053,Suresh Patel,Male,15,11,Delhi,87.0,66.0,60.0,46.0,77.0,70.0,85.0
STU01128,Aryan Yadav,Male,16,9,Kolkata,72.0,72.0,36.0,25.0,88.0,57.0,39.0
STU01026,Reyansh Reddy,Male,16,12,Indore,74.2,26.0,40.0,9.0,57.0,66.0,
STU00165,Sai Joshi,Male,18,9,Chandigarh,75.9,62.0,54.0,43.0,69.0,90.0,78.0
STU00753,Aditi Singh,Female,17,11,Nagpur,96.6,62.0,64.0,83.0,18.0,41.0,75.0
STU00448,Tanvi Chauhan,Female,18,11,Delhi,67.6,72.0,,41.0,68.0,100.0,32.0
STU00312,Reyansh Iyer,Male,17,10,Kolkata,82.8,98.0,59.0,52.0,38.0,62.0,57.0
STU00297,Rohan Agarwal,Female,17,9,Indore,71.4,50.0,44.0,,58.0,67.0,74.0
STU00352,Reyansh Kumar,Male,17,9,Jaipur,,84.0,58.0,14.0,52.0,92.0,54.0
STU00852,Anjali Kumar,Male,17,11,Chandigarh,76.5,44.0,64.0,35.0,63.0,69.0,100.0
STU00240,Meera Gupta,Female,15,10,Jaipur,91.7,57.0,71.0,51.0,64.0,77.0,78.0
STU00280,Nisha Pandey,Male,16,10,Pune,64.5,64.0,71.0,50.0,20.0,80.0,10.0
STU00364,Sneha Verma,Female,18,10,Patna,70.1,56.0,75.0,73.0,67.0,60.0,60.0
STU00327,Ishaan Bhat,Male,15,9,Chennai,75.5,87.0,49.0,50.0,27.0,58.0,68.0
STU01024,Priya Mehta,Male,14,11,Patna,82.9,48.0,55.0,38.0,77.0,69.0,38.0
STU00551,Ishita Rao,Female,15,11,Ahmedabad,,79.0,82.0,22.0,78.0,58.0,20.0
STU00602,Vijay Kapoor,Female,17,12,Bengaluru,,99.0,52.0,58.0,41.0,74.0,34.0
STU00404,Kavya Gupta,Female,17,12,Hyderabad,70.3,59.0,75.0,40.0,55.0,59.0,69.0
STU00083,Ananya Bhat,Male,16,9,Bhopal,94.8,70.0,71.0,77.0,55.0,40.0,40.0
STU00714,Meera Mishra,Female,18,11,Chandigarh,84.9,73.0,55.0,61.0,61.0,13.0,61.0
STU00170,Ishaan Agarwal,Male,18,12,Bengaluru,80.9,67.0,48.0,69.0,51.0,74.0,64.0
STU01159,Vihaan Iyer,Female,17,9,Bhopal,87.2,18.0,54.0,39.0,32.0,83.0,47.0
STU00195,Manoj Kumar,Female,17,10,Lucknow,79.7,36.0,,47.0,38.0,59.0,51.0
STU00215,Vivaan Malhotra,Male,17,11,Hyderabad,89.9,69.0,54.0,62.0,42.0,57.0,47.0
STU00434,Aman Bhat,Female,14,10,Pune,68.2,91.0,72.0,71.0,97.0,61.0,62.0
STU00435,Diya Sharma,Female,15,11,Mumbai,98.9,70.0,41.0,49.0,14.0,74.0,44.0
STU00936,Vivaan Singh,Female,16,10,Bhopal,,36.0,42.0,30.0,79.0,58.0,54.0
STU00316,Tanvi Reddy,Male,15,9,Chennai,87.6,93.0,71.0,54.0,54.0,69.0,61.0
STU00236,Tanvi Bhat,Female,15,11,Patna,81.3,88.0,64.0,27.0,49.0,86.0,61.0
STU00473,Sai Gupta,Female,15,10,Bhopal,71.1,41.0,54.0,75.0,100.0,69.0,54.0
STU00787,Tanvi Bhat,MALE,15,11,Patna,70.2,45.0,38.0,93.0,28.0,89.0,30.0
STU00202,Dhruv Agarwal,Male,14,12,Nagpur,93.4,74.0,99.0,37.0,52.0,85.0,27.0
STU00798,Sneha Kumar,Male,17,11,Kolkata,79.7,68.0,44.0,45.0,35.0,66.0,64.0
STU00350,Aditya Verma,Male,16,11,Indore,80.2,38.0,47.0,66.0,73.0,87.0,36.0
STU00398,Diya Patel,Male,18,9,Pune,80.7,63.0,55.0,48.0,32.0,34.0,50.0
STU00184,Priya Reddy,FEMALE,16,12,Ahmedabad,93.0,21.0,51.0,69.0,33.0,72.0,57.0
STU00560,Sneha Rao,Female,15,9,Pune,100.0,76.0,68.0,52.0,54.0,,58.0
STU00950,Tanvi Reddy,Male,14,11,Delhi,77.7,46.0,50.0,55.0,55.0,52.0,59.0
STU00047,Vikram Nair,Female,18,9,Bengaluru,77.0,76.0,56.0,60.0,55.0,49.0,82.0
STU00026,Shreya Kumar,Female,16,12,Ahmedabad,55.5,75.0,33.0,46.0,52.0,56.0,78.0
STU00261,Rahul Gupta,Female,16,9,Lucknow,86.9,70.0,100.0,68.0,45.0,41.0,51.0
STU00889,Karthik Kumar,Female,17,9,Indore,92.4,59.0,57.0,92.0,67.0,64.0,93.0
STU00299,Aditi Kapoor,Male,18,10,Lucknow,72.2,70.0,28.0,58.0,49.0,85.0,67.0
STU00648,Amit Mehta,Female,16,12,Nagpur,,63.0,39.0,51.0,64.0,69.0,47.0
STU00027,Rahul Rao,Male,14,10,Delhi,86.1,79.0,68.0,100.0,54.0,63.0,76.0
STU00023,Aditya Agarwal,Female,18,10,Kolkata,71.0,68.0,74.0,56.0,70.0,35.0,66.0
STU00940,Tanvi Gupta,Female,14,12,Bengaluru,82.1,38.0,82.0,61.0,40.0,32.0,67.0
STU00537,Shreya Mehta,Female,17,10,Bengaluru,89.2,,37.0,,88.0,57.0,
STU00334,Sanya Pandey,Female,14,9,Jaipur,91.7,95.0,78.0,50.0,49.0,72.0,48.0
STU00837,Kabir Kapoor,Female,15,11,Chandigarh,85.9,65.0,32.0,54.0,34.0,71.0,63.0
STU00808,Aditya Kumar,Male,16,12,Hyderabad,89.6,46.0,55.0,31.0,44.0,65.0,74.0
STU00122,Vihaan Chauhan,Male,18,11,Hyderabad,83.0,75.0,32.0,69.0,53.0,76.0,58.0
STU01157,Sanya Verma,Male,15,11,Chandigarh,89.3,75.0,35.0,46.0,39.0,71.0,60.0
STU01017,Vihaan Yadav,Male,16,11,Lucknow,68.4,100.0,51.0,19.0,,59.0,48.0
STU01094,Dhruv Patel,Male,15,10,Delhi,62.4,63.0,,69.0,38.0,67.0,53.0
STU00455,Rahul Verma,Female,15,10,Mumbai,92.2,64.0,50.0,63.0,46.0,81.0,67.0
STU00588,Aarav Reddy,Female,18,10,Jaipur,84.3,77.0,62.0,74.0,,52.0,84.0
STU00915,Pooja Agarwal,Male,18,9,Chennai,72.5,94.0,54.0,49.0,64.0,43.0,46.0
STU00190,Yash Patel,Male,18,10,Indore,77.2,30.0,36.0,39.0,38.0,54.0,
STU01001,Manoj Verma,Male,14,12,Pune,69.6,58.0,47.0,AB,57.0,73.0,78.0
STU00171,Neha Patel,Male,18,11,Indore,75.7,-5,57.0,39.0,100.0,57.0,57.0
STU00155,Dhruv Gupta,Female,15,9,Nagpur,88.1,60.0,85.0,62.0,64.0,42.0,60.0
STU00177,Aryan Iyer,Female,16,11,Ahmedabad,88.7,76.0,53.0,66.0,39.0,63.0,30.0
STU00372,Neha Patel,Female,16,9,Nagpur,89.3,60.0,63.0,56.0,65.0,71.0,68.0
STU00608,Aditya Gupta,Male,18,12,Jaipur,77.5,83.0,57.0,39.0,31.0,73.0,33.0
STU01076,Karthik Reddy,Male,14,11,Patna,86.2,70.0,53.0,80.0,50.0,62.0,41.0
STU00721,Nisha Mehta,Male,16,12,Kolkata,71.2,58.0,54.0,34.0,42.0,57.0,41.0
STU00797,Yash Sharma,Male,16,9,Bhopal,86.4,96.0,61.0,,73.0,58.0,84.0
STU00627,Aditya Kapoor,Male,18,12,Chennai,76.5,100.0,54.0,59.0,53.0,68.0,62.0
STU01153,Rakesh Verma,Male,14,9,Kolkata,100.0,76.0,37.0,56.0,45.0,34.0,47.0
STU00920,Ishaan Joshi,Male,16,12,Patna,64.6,100.0,27.0,90.0,73.0,76.0,69.0
STU00593,Ananya Reddy,Male,18,10,Indore,86.8,77.0,60.0,55.0,59.0,87.0,65.0
STU00325,Amit Bhat,Female,14,12,Pune,54.0,66.0,59.0,54.0,74.0,58.0,50.0
STU00701,Suresh Singh,Female,18,12,Mumbai,66.4,42.0,,53.0,92.0,79.0,69.0
STU00772,Vihaan Joshi,Female,17,11,Mumbai,79.9,77.0,47.0,84.0,47.0,69.0,47.0
STU00942,Krishna Bhat,Male,17,10,Kolkata,100.0,63.0,23.0,22.0,56.0,70.0,48.0
STU01107,Pooja Gupta,Female,16,9,Jaipur,100.0,55.0,,66.0,50.0,99.0,37.0
STU00362,Vikram Gupta,Female,14,12,Mumbai,81.9,79.0,65.0,62.0,70.0,75.0,83.0
STU00734,Neha Nair,Female,16,11,Jaipur,92.2,37.0,50.0,33.0,7.0,73.0,34.0
STU00999,Riya Agarwal,Male,16,10,Jaipur,80.8,78.0,89.0,91.0,59.0,64.0,31.0
STU00866,Nisha Mishra,Female,16,12,Ahmedabad,60.5,,65.0,55.0,81.0,43.0,100.0
STU00485,Rakesh Sharma,Male,18,11,Jaipur,82.9,43.0,76.0,,61.0,64.0,49.0
STU00756,Karthik Singh,Female,16,12,Bengaluru,100.0,,43.0,99.0,,27.0,57.0
STU00923,Tanvi Chauhan,Male,17,10,Indore,78.7,52.0,76.0,89.0,49.0,71.0,70.0
STU00067,Vihaan Joshi,Male,16,10,Indore,90.3,,36.0,67.0,38.0,77.0,58.0
STU00662,Kavya Pandey,F,14,12,Jaipur,61.0,51.0,69.0,36.0,45.0,100.0,42.0
STU00182,Ishaan Pandey,Male,18,12,Delhi,68.6,80.0,75.0,53.0,47.0,77.0,
STU00985,Vikram Kumar,Female,16,12,Lucknow,88.4,80.0,37.0,81.0,42.0,89.0,76.0
STU00743,Ananya Pandey,Male,15,11,Lucknow,83.3,55.0,15.0,49.0,76.0,55.0,41.0
STU00656,Sanya Reddy,Female,14,12,Patna,98.7,100.0,79.0,81.0,38.0,60.0,46.0
STU00289,Deepak Mehta,Female,14,10,Delhi,81.3,77.0,52.0,54.0,76.0,59.0,72.0
STU00755,Suresh Yadav,Female,16,11,Ahmedabad,86.2,89.0,76.0,31.0,43.0,70.0,39.0
STU00937,Pooja Mishra,Male,15,10,Patna,89.9,54.0,65.0,32.0,62.0,52.0,44.0
STU00318,Krishna Yadav,Female,16,12,Nagpur,100.0,66.0,84.0,54.0,99.0,100.0,60.0
STU00260,Ishita Joshi,Male,17,12,Indore,88.9,7.0,35.0,50.0,52.0,70.0,51.0
STU01199,Deepak Patel,Male,17,9,Nagpur,,78.0,68.0,87.0,89.0,67.0,58.0
STU00637,Deepak Yadav,Male,16,9,Kolkata,81.1,96.0,67.0,48.0,65.0,52.0,
STU00592,Anjali Iyer,Male,14,12,Ahmedabad,97.7,39.0,59.0,74.0,26.0,100.0,
STU00045,Shreya Bhat,Male,17,11,Bhopal,88.2,53.0,43.0,65.0,29.0,92.0,59.0
STU00244,Karthik Mehta,Male,16,10,Jaipur,98.1,100.0,91.0,80.0,,82.0,72.0
STU00080,Sanya Kapoor,Female,17,11,Lucknow,88.3,74.0,46.0,64.0,54.0,84.0,100.0
STU01145,Deepak Iyer,Female,15,9,Chennai,99.3,59.0,95.0,67.0,87.0,66.0,
STU00431,Amit Mishra,Male,14,12,Chennai,89.2,63.0,100.0,45.0,86.0,69.0,38.0
STU01005,Nisha Chauhan,Male,15,10,Pune,100.0,66.0,84.0,63.0,64.0,48.0,90.0
STU01095,Priya Joshi,Male,16,12,Mumbai,56.0,63.0,55.0,74.0,41.0,76.0,88.0
STU00651,Shreya Iyer,Male,15,9,Chennai,74.4,53.0,33.0,55.0,61.0,63.0,50.0
STU00118,Ishita Malhotra,Male,15,9,Nagpur,76.3,67.0,78.0,36.0,49.0,56.0,
STU00663,Suresh Kumar,Female,17,10,Indore,72.5,71.0,70.0,54.0,52.0,75.0,31.0
STU00354,Aarav Joshi,Male,17,12,Bhopal,78.9,57.0,45.0,67.0,,59.0,51.0
STU00531,Shreya Yadav,Female,16,9,Lucknow,85.5,60.0,90.0,75.0,84.0,60.0,43.0
STU00357,Tanvi Kapoor,Female,18,11,Patna,100.0,53.0,86.0,24.0,84.0,60.0,62.0
STU01117,Deepak Gupta,Male,15,11,Bhopal,100.0,57.0,38.0,52.0,64.0,53.0,53.0
STU00057,Riya Rao,Female,18,9,Nagpur,93.8,67.0,51.0,71.0,39.0,30.0,48.0
STU00630,Kavya Bhat,Male,18,10,Kolkata,81.8,AB,39.0,,63.0,79.0,70.0
STU00458,Aditi Rao,Female,15,11,Chandigarh,59.1,88.0,71.0,79.0,32.0,69.0,66.0
STU00921,Diya Verma,Male,18,10,Jaipur,82.0,55.0,54.0,55.0,71.0,59.0,69.0
STU00180,Vihaan Malhotra,Male,17,12,Kolkata,83.2,91.0,39.0,55.0,41.0,77.0,52.0
STU00037,Priya Gupta,Male,14,11,Patna,77.5,46.0,67.0,79.0,71.0,53.0,54.0
STU00842,Vivaan Kapoor,Female,15,12,Hyderabad,86.6,53.0,66.0,53.0,17.0,62.0,66.0
STU00594,Sai Joshi,Female,18,12,Chennai,69.1,62.0,46.0,49.0,67.0,74.0,93.0
STU00533,Shreya Nair,Female,15,10,Chennai,89.5,19.0,77.0,84.0,68.0,73.0,53.0
STU01141,Shreya Nair,Male,15,9,Nagpur,79.7,78.0,30.0,67.0,42.0,73.0,38.0
STU01047,Aman Kumar,Male,14,11,Pune,89.8,72.0,63.0,51.0,64.0,53.0,74.0
STU00106,Kabir Malhotra,Female,17,11,Chennai,77.1,,38.0,70.0,69.0,58.0,53.0
STU00715,Kabir Kapoor,Male,16,12,Mumbai,100.0,76.0,67.0,60.0,60.0,57.0,62.0
STU00559,Vijay Joshi,female,14,12,Patna,78.2,34.0,48.0,85.0,24.0,94.0,80.0
STU00916,Rahul Agarwal,Female,16,12,Chandigarh,63.3,45.0,63.0,56.0,38.0,57.0,61.0
STU00443,Aman Malhotra,Male,18,11,Pune,100.0,64.0,49.0,76.0,47.0,85.0,48.0
STU00477,Pooja Iyer,Female,15,9,Indore,78.9,74.0,61.0,84.0,74.0,88.0,25.0
STU01079,Diya Chauhan,Female,17,9,Bengaluru,100.0,58.0,53.0,59.0,52.0,44.0,48.0
STU01112,Vivaan Iyer,Male,15,12,Delhi,85.9,55.0,,48.0,52.0,93.0,55.0
STU01172,Kavya Malhotra,Male,15,12,Patna,81.0,71.0,71.0,56.0,66.0,42.0,61.0
STU00791,Aryan Singh,Male,14,12,Hyderabad,75.7,55.0,48.0,59.0,53.0,39.0,53.0
STU00041,Deepak Iyer,Female,17,10,Jaipur,80.3,60.0,57.0,59.0,57.0,73.0,43.0
STU01023,Aryan Agarwal,Male,18,11,Ahmedabad,94.2,32.0,52.0,40.0,56.0,67.0,84.0
STU00319,Rohan Patel,Male,18,10,Hyderabad,70.3,,80.0,71.0,64.0,46.0,100.0
STU00600,Aman Chauhan,Female,18,9,Bengaluru,77.6,56.0,25.0,,49.0,100.0,68.0
STU00736,Manoj Yadav,Male,17,11,Bengaluru,75.3,65.0,37.0,36.0,68.0,100.0,70.0
STU01137,Aryan Rao,Female,14,11,Kolkata,91.3,52.0,74.0,44.0,55.0,50.0,58.0
STU00278,Vijay Mehta,Female,14,12,Indore,72.0,39.0,65.0,84.0,76.0,98.0,64.0
STU00269,Priya Gupta,female,14,10,Nagpur,53.9,66.0,67.0,55.0,35.0,68.0,36.0
STU00410,Meera Agarwal,Male,14,12,Delhi,83.9,85.0,37.0,,70.0,58.0,72.0
STU00989,Deepak Reddy,Male,16,10,Bengaluru,62.8,74.0,46.0,67.0,54.0,48.0,89.0
STU00650,Kavya Sharma,Female,14,11,Hyderabad,100.0,,51.0,52.0,42.0,53.0,49.0
STU01039,Priya Iyer,Male,15,12,Jaipur,91.6,82.0,73.0,,43.0,69.0,94.0
STU00517,Tanvi Reddy,Male,16,10,Bhopal,74.3,66.0,43.0,61.0,48.0,76.0,70.0
STU01127,Rohan Mehta,Male,17,12,Chennai,87.2,35.0,79.0,77.0,48.0,56.0,45.0
STU01184,Karthik Kumar,Male,18,10,Bhopal,56.8,,49.0,62.0,49.0,49.0,79.0
STU00760,Ishita Rao,Female,14,12,Ahmedabad,100.0,85.0,72.0,70.0,33.0,58.0,63.0
STU00633,Rohan Sharma,Male,15,9,Pune,64.7,44.0,35.0,60.0,67.0,90.0,35.0
STU00802,Vikram Reddy,Male,18,9,Bhopal,76.2,53.0,43.0,60.0,56.0,74.0,66.0
STU00317,Diya Nair,Male,15,12,Delhi,77.8,62.0,58.0,51.0,68.0,69.0,35.0
STU00834,Shreya Yadav,Male,15,11,Hyderabad,60.5,40.0,50.0,51.0,75.0,76.0,60.0
STU00373,Nisha Nair,Female,18,12,Bengaluru,82.3,29.0,79.0,30.0,56.0,91.0,37.0
STU00208,Aarav Yadav,Male,18,12,Bhopal,100.0,67.0,42.0,56.0,108,58.0,68.0
STU00693,Yash Singh,Female,14,12,Chennai,83.1,81.0,61.0,69.0,64.0,62.0,39.0
STU01098,Meera Bhat,Male,18,9,Pune,93.3,46.0,73.0,76.0,69.0,63.0,70.0
STU01143,Anjali Bhat,Female,14,12,Hyderabad,95.9,52.0,69.0,61.0,59.0,69.0,43.0
STU00144,Reyansh Joshi,Female,18,12,Ahmedabad,90.0,69.0,91.0,43.0,19.0,57.0,33.0
STU00251,Arjun Yadav,Female,16,11,Indore,73.0,74.0,44.0,38.0,38.0,66.0,51.0
STU00686,Manoj Reddy,Male,14,9,Bengaluru,75.1,26.0,64.0,84.0,55.0,51.0,61.0
STU00303,Vikram Mehta,Male,15,9,Indore,88.7,48.0,,51.0,68.0,64.0,55.0
STU00826,Krishna Sharma,Male,17,11,Nagpur,82.6,93.0,85.0,AB,75.0,75.0,46.0
STU01010,Sneha Rao,Male,15,11,Nagpur,81.2,81.0,77.0,87.0,81.0,48.0,42.0
STU01092,Pooja Chauhan,Female,16,10,Hyderabad,69.2,82.0,42.0,44.0,52.0,72.0,72.0
STU01152,Riya Pandey,Female,18,10,Lucknow,82.3,67.0,76.0,0.0,32.0,47.0,43.0
STU00366,Tanvi Iyer,Male,14,10,Nagpur,67.6,59.0,58.0,98.0,76.0,95.0,44.0
STU00164,Rohan Sharma,Male,15,9,Bengaluru,84.0,56.0,78.0,45.0,73.0,72.0,60.0
STU00878,Neha Reddy,Male,15,9,Kolkata,,68.0,49.0,,100.0,47.0,46.0
STU00264,Rakesh Gupta,Male,17,12,Nagpur,76.5,59.0,AB,59.0,49.0,64.0,73.0
STU00082,Ananya Iyer,M,18,10,Chennai,71.7,66.0,46.0,40.0,63.0,71.0,57.0
STU00321,Meera Mishra,Male,18,12,Bengaluru,69.4,62.0,53.0,39.0,45.0,51.0,5.0
STU00672,Arjun Joshi,Male,16,10,Hyderabad,81.4,59.0,53.0,69.0,,42.0,56.0
STU00848,Reyansh Yadav,Female,18,10,Nagpur,71.9,53.0,60.0,67.0,59.0,71.0,
STU00489,Vihaan Joshi,Female,15,9,Delhi,77.3,30.0,47.0,53.0,50.0,83.0,61.0
STU00498,Kavya Chauhan,Female,17,12,Hyderabad,48.7,100.0,43.0,53.0,65.0,98.0,76.0
STU00995,Ishaan Mishra,Female,16,11,Bengaluru,67.7,93.0,14.0,,48.0,98.0,58.0
STU00578,Dhruv Joshi,Male,15,9,Nagpur,93.3,24.0,67.0,75.0,67.0,91.0,65.0
STU00145,Kavya Rao,Female,14,9,Indore,75.0,60.0,57.0,56.0,28.0,66.0,52.0
STU00682,Rahul Singh,Female,14,10,Mumbai,78.9,37.0,56.0,68.0,76.0,100.0,27.0
STU00341,Sneha Gupta,Female,15,10,Ahmedabad,72.3,56.0,62.0,32.0,,49.0,72.0
STU00275,Sanya Yadav,Male,14,11,Jaipur,82.3,33.0,49.0,36.0,69.0,34.0,47.0
STU00426,Vijay Bhat,Female,16,12,Lucknow,97.3,52.0,50.0,44.0,33.0,53.0,72.0
STU00653,Pooja Yadav,Male,18,12,Hyderabad,73.5,69.0,47.0,59.0,48.0,54.0,80.0
STU00816,Riya Pandey,female,17,10,Bengaluru,75.6,84.0,66.0,65.0,38.0,46.0,48.0
STU01019,Aditi Sharma,Female,15,10,Jaipur,,76.0,53.0,64.0,70.0,86.0,54.0
STU00646,Rohan Pandey,Female,15,11,Kolkata,89.5,48.0,58.0,48.0,21.0,62.0,54.0
STU00892,Aarav Agarwal,Female,16,10,Hyderabad,78.2,,74.0,74.0,54.0,59.0,60.0
STU00831,Pooja Chauhan,Male,16,11,Hyderabad,87.6,75.0,34.0,79.0,53.0,58.0,37.0
STU01045,Dhruv Sharma,Male,18,12,Lucknow,97.6,63.0,21.0,86.0,52.0,60.0,70.0
STU00088,Anjali Rao,Male,16,10,Bengaluru,85.8,42.0,92.0,68.0,,26.0,55.0
STU00501,Aman Malhotra,Female,14,9,Jaipur,84.0,31.0,45.0,43.0,42.0,69.0,49.0
STU00713,Kabir Bhat,FEMALE,18,11,Hyderabad,77.5,93.0,61.0,33.0,65.0,76.0,45.0
STU00307,Nisha Nair,Female,17,12,Bengaluru,87.1,,60.0,100.0,47.0,38.0,48.0
STU00917,Aditi Verma,Male,14,9,Mumbai,100.0,47.0,42.0,39.0,55.0,52.0,57.0
STU00188,Manoj Verma,Male,18,12,Lucknow,86.6,74.0,42.0,77.0,84.0,57.0,42.0
STU00733,Suresh Gupta,Female,16,11,Pune,98.1,82.0,42.0,79.0,75.0,85.0,46.0
STU01018,Vijay Bhat,Female,18,11,Nagpur,83.4,90.0,86.0,61.0,66.0,82.0,71.0
STU00288,Aarav Nair,Male,15,9,Jaipur,87.0,84.0,77.0,81.0,56.0,78.0,58.0
STU00896,Aditi Pandey,Male,14,12,Hyderabad,73.2,59.0,57.0,66.0,71.0,44.0,45.0
STU00725,Tanvi Gupta,Male,17,10,Mumbai,98.3,,83.0,40.0,55.0,60.0,58.0
STU01027,Rahul Mishra,Female,14,9,Ahmedabad,79.1,54.0,84.0,,55.0,53.0,
STU00723,Sai Sharma,Male,17,9,Jaipur,80.8,94.0,44.0,51.0,38.0,70.0,38.0
STU00978,Amit Iyer,Female,14,9,Mumbai,,59.0,,86.0,55.0,90.0,45.0
STU00395,Kavya Sharma,Female,15,11,Jaipur,84.3,81.0,,43.0,91.0,44.0,59.0
STU00050,Neha Gupta,Female,18,10,Bhopal,100.0,23.0,35.0,78.0,55.0,58.0,62.0
STU00829,Vikram Pandey,Female,16,10,Pune,78.1,74.0,100.0,61.0,66.0,76.0,78.0
STU00563,Vikram Bhat,Male,16,10,Jaipur,82.0,48.0,67.0,54.0,45.0,68.0,45.0
STU00248,Aryan Iyer,Female,17,10,Pune,97.0,30.0,57.0,39.0,43.0,53.0,86.0
STU00438,Anjali Mehta,Female,18,10,Bhopal,83.3,59.0,49.0,69.0,50.0,88.0,28.0
STU00454,Ananya Kumar,Male,16,11,Chennai,75.0,59.0,61.0,65.0,79.0,75.0,40.0
STU01102,Vivaan Reddy,Female,14,12,Hyderabad,73.4,61.0,64.0,85.0,71.0,68.0,57.0
STU00617,Amit Malhotra,Female,15,10,Jaipur,89.5,43.0,81.0,40.0,50.0,39.0,37.0
STU00668,Kavya Agarwal,Male,15,9,Delhi,84.4,56.0,44.0,76.0,,58.0,70.0
STU00857,Manoj Malhotra,Female,18,11,Ahmedabad,57.5,,48.0,53.0,84.0,68.0,52.0
STU01071,Sneha Pandey,Female,17,10,Kolkata,92.7,83.0,56.0,32.0,71.0,81.0,44.0
STU01025,Shreya Yadav,Female,16,9,Nagpur,66.8,63.0,40.0,71.0,14.0,,71.0
STU00034,Rakesh Nair,FEMALE,15,12,Kolkata,82.1,78.0,84.0,62.0,40.0,58.0,70.0
STU00089,Sneha Kumar,Male,15,10,Pune,96.5,66.0,51.0,52.0,33.0,,33.0
STU00379,Tanvi Nair,Female,14,11,Ahmedabad,73.2,44.0,-5,25.0,26.0,80.0,66.0
STU00793,Neha Reddy,Male,16,12,Bhopal,83.6,91.0,74.0,,70.0,82.0,54.0
STU00944,Meera Iyer,Female,16,10,Ahmedabad,,59.0,,24.0,71.0,78.0,28.0
STU00612,Amit Yadav,Male,16,9,Bhopal,82.9,72.0,52.0,58.0,48.0,90.0,75.0
STU00085,Karthik Sharma,female,14,11,Mumbai,96.5,47.0,64.0,64.0,57.0,86.0,37.0
STU01158,Rohan Sharma,Male,17,11,Ahmedabad,87.0,52.0,56.0,66.0,73.0,89.0,53.0
STU00347,Deepak Mishra,Male,16,11,Ahmedabad,59.4,50.0,,74.0,35.0,80.0,52.0
STU00821,Sneha Verma,female,14,12,Chennai,73.2,73.0,68.0,87.0,84.0,54.0,73.0
STU00132,Aryan Mishra,Male,17,10,Pune,82.1,44.0,55.0,48.0,50.0,75.0,55.0
STU00399,Amit Rao,Female,16,11,Delhi,100.0,82.0,,62.0,62.0,61.0,62.0
STU01044,Tanvi Yadav,Male,14,12,Indore,71.8,28.0,61.0,27.0,64.0,68.0,58.0
STU00822,Diya Joshi,Male,14,11,Hyderabad,87.6,100.0,88.0,88.0,66.0,43.0,78.0
STU00845,Deepak Verma,Female,17,10,Pune,75.4,41.0,60.0,48.0,69.0,45.0,68.0
STU01034,Tanvi Mishra,Female,15,11,Lucknow,62.9,53.0,67.0,59.0,67.0,73.0,97.0
STU00377,Vihaan Mishra,Female,15,9,Nagpur,71.4,56.0,73.0,35.0,48.0,63.0,81.0
STU01059,Amit Mehta,Male,15,12,Jaipur,61.4,52.0,67.0,78.0,75.0,100.0,67.0
STU00470,Priya Mehta,Female,16,9,Chennai,93.5,94.0,55.0,73.0,67.0,69.0,26.0
STU00342,Amit Agarwal,Male,14,12,Chandigarh,83.2,84.0,75.0,69.0,79.0,87.0,99.0
STU00591,Pooja Mishra,Female,14,9,Chandigarh,100.0,39.0,58.0,51.0,29.0,50.0,68.0
STU00962,Vikram Iyer,Male,14,10,Kolkata,75.0,58.0,96.0,49.0,76.0,82.0,61.0
STU00079,Sai Joshi,Female,17,11,Jaipur,76.4,51.0,26.0,48.0,67.0,51.0,64.0
STU00796,Tanvi Reddy,Female,15,9,Pune,77.7,55.0,56.0,58.0,60.0,56.0,77.0
STU00781,Aryan Patel,Female,16,12,Nagpur,,62.0,53.0,83.0,73.0,62.0,55.0
STU00063,Suresh Joshi,Male,18,10,Indore,89.8,56.0,67.0,61.0,24.0,55.0,81.0
STU00142,Meera Rao,Female,16,9,Kolkata,81.6,71.0,80.0,76.0,100.0,96.0,86.0
STU01166,Aditya Pandey,Female,14,10,Bhopal,86.1,63.0,47.0,43.0,27.0,53.0,55.0
STU01091,Anjali Singh,Female,17,11,Pune,88.9,76.0,83.0,93.0,45.0,70.0,63.0
STU00220,Vihaan Nair,F,17,12,Indore,68.0,70.0,53.0,36.0,,77.0,55.0
STU01180,Neha Singh,Female,17,10,Jaipur,94.9,57.0,32.0,68.0,28.0,69.0,48.0
STU00153,Kavya Gupta,Male,17,11,Kolkata,76.2,62.0,57.0,33.0,60.0,87.0,62.0
STU00326,Ishita Yadav,Male,17,9,Mumbai,85.1,67.0,50.0,86.0,75.0,58.0,53.0
STU00308,Anjali Chauhan,male,18,9,Indore,84.8,2.0,45.0,69.0,60.0,86.0,108
STU00883,Aditi Mishra,Female,15,12,Jaipur,81.8,34.0,40.0,65.0,,32.0,87.0
STU00751,Kavya Patel,Female,17,11,Ahmedabad,64.9,66.0,46.0,47.0,76.0,64.0,37.0
STU00601,Manoj Rao,Female,18,9,Pune,90.5,42.0,44.0,60.0,33.0,71.0,72.0
STU00152,Aarav Pandey,Female,14,12,Nagpur,,70.0,66.0,38.0,52.0,46.0,78.0
STU00204,Diya Gupta,Male,17,9,Hyderabad,-9.0,60.0,47.0,50.0,35.0,61.0,74.0
STU00795,Suresh Sharma,male,18,11,Patna,67.6,48.0,47.0,,,84.0,66.0
STU00972,Suresh Sharma,Male,15,11,Nagpur,60.1,67.0,44.0,82.0,49.0,32.0,87.0
STU00005,Ishaan Verma,Male,17,10,Delhi,86.4,30.0,61.0,59.0,-5,73.0,89.0
STU00577,Diya Mishra,Female,14,9,Patna,59.3,79.0,29.0,53.0,57.0,88.0,80.0
STU00997,Aryan Chauhan,Male,18,10,Kolkata,100.0,55.0,59.0,56.0,23.0,65.0,53.0
STU00383,Rahul Kapoor,Male,17,11,Bhopal,100.0,60.0,38.0,42.0,58.0,74.0,27.0
STU00130,Krishna Joshi,Male,15,10,Hyderabad,72.6,72.0,48.0,46.0,85.0,85.0,74.0
STU00615,Reyansh Patel,Female,15,9,Pune,82.2,75.0,84.0,25.0,,61.0,50.0
STU00776,Aryan Pandey,Male,16,12,Jaipur,81.7,AB,3.0,108,55.0,77.0,61.0
STU01028,Sneha Nair,Male,17,12,Jaipur,85.3,59.0,40.0,83.0,32.0,75.0,45.0
STU00484,Pooja Reddy,Male,17,11,Ahmedabad,70.7,43.0,38.0,94.0,66.0,20.0,57.0
STU00072,Aryan Iyer,M,18,11,Delhi,84.9,79.0,85.0,33.0,26.0,49.0,58.0
STU00613,Ananya Agarwal,Female,16,12,Mumbai,61.8,93.0,11.0,87.0,53.0,60.0,
STU00401,Aarav Reddy,FEMALE,16,11,Mumbai,87.7,75.0,68.0,47.0,60.0,96.0,56.0
STU00691,Vijay Patel,Male,16,10,Hyderabad,88.6,99.0,43.0,37.0,44.0,72.0,61.0
STU00675,Tanvi Joshi,Female,14,11,Chennai,90.2,78.0,59.0,73.0,92.0,87.0,46.0
STU01176,Kavya Kapoor,Male,16,10,Bengaluru,88.6,59.0,85.0,75.0,65.0,60.0,
STU00262,Krishna Bhat,Female,17,10,Chandigarh,100.0,100.0,,33.0,56.0,44.0,63.0
STU00726,Aryan Sharma,Male,14,11,Bhopal,86.0,64.0,71.0,52.0,18.0,50.0,42.0
STU00549,Vikram Kapoor,Male,15,11,Lucknow,70.2,68.0,87.0,74.0,23.0,60.0,59.0
STU00203,Ishita Mehta,Female,17,9,Mumbai,53.4,54.0,69.0,33.0,70.0,66.0,50.0
STU01164,Karthik Kumar,Female,15,12,Mumbai,,74.0,54.0,75.0,48.0,75.0,51.0
STU00071,Vijay Singh,Female,14,9,Chennai,72.2,49.0,35.0,55.0,60.0,81.0,63.0
STU01139,Ishaan Verma,Female,18,9,Ahmedabad,68.6,70.0,68.0,43.0,86.0,70.0,86.0
STU00981,Vikram Agarwal,F,14,10,Jaipur,99.6,60.0,62.0,17.0,75.0,93.0,53.0
STU00128,Meera Gupta,Female,16,12,Bhopal,76.2,82.0,58.0,59.0,51.0,,65.0
STU00371,Aman Kapoor,Male,17,12,Bhopal,69.4,,41.0,79.0,44.0,73.0,59.0
STU00135,Pooja Joshi,Female,15,11,Kolkata,103.7,53.0,71.0,80.0,49.0,37.0,63.0
STU00513,Aman Verma,Female,15,9,Kolkata,72.8,98.0,69.0,34.0,57.0,50.0,51.0
STU00897,Karthik Patel,Male,14,10,Kolkata,97.9,75.0,47.0,51.0,48.0,87.0,69.0
STU00222,Sai Rao,M,16,10,Nagpur,66.9,58.0,61.0,38.0,36.0,81.0,31.0
STU01103,Priya Kapoor,Male,14,11,Jaipur,58.0,52.0,66.0,27.0,77.0,68.0,49.0
STU01040,Kabir Gupta,Female,17,12,Jaipur,74.9,56.0,68.0,100.0,31.0,52.0,85.0
STU01108,Arjun Nair,Male,18,11,Jaipur,62.2,60.0,,77.0,43.0,,67.0
STU00717,Reyansh Joshi,Female,16,11,Bhopal,97.3,62.0,61.0,83.0,71.0,89.0,43.0
STU00862,Meera Malhotra,Male,15,11,Jaipur,95.2,73.0,,70.0,89.0,64.0,20.0
STU00406,Vivaan Pandey,Male,16,12,Chennai,75.8,63.0,61.0,49.0,7.0,81.0,
STU00758,Rohan Mishra,Male,15,10,Jaipur,103.0,52.0,65.0,52.0,56.0,61.0,46.0
STU00847,Meera Nair,Male,18,9,Pune,93.5,81.0,71.0,65.0,39.0,100.0,55.0
STU00811,Kabir Sharma,Male,15,12,Lucknow,100.0,58.0,65.0,69.0,67.0,78.0,88.0
STU00814,Aditi Joshi,Male,15,11,Jaipur,87.1,43.0,64.0,60.0,43.0,100.0,38.0
STU00211,Deepak Yadav,Female,18,9,Mumbai,73.0,59.0,51.0,45.0,39.0,59.0,59.0
STU00388,Vikram Agarwal,Female,14,11,Bengaluru,90.4,38.0,80.0,35.0,85.0,100.0,62.0
STU00506,Kabir Kapoor,Female,18,10,Kolkata,69.8,78.0,50.0,48.0,54.0,65.0,68.0
STU00731,Nisha Reddy,Female,16,11,Kolkata,-5.8,29.0,44.0,79.0,75.0,81.0,68.0
STU01089,Arjun Rao,Male,17,9,Jaipur,93.7,35.0,47.0,66.0,65.0,78.0,73.0
STU00263,Dhruv Reddy,Male,17,9,Hyderabad,93.0,36.0,61.0,45.0,59.0,46.0,56.0
STU00305,Amit Pandey,female,14,10,Indore,75.3,48.0,,66.0,74.0,77.0,22.0
STU00283,Manoj Singh,Female,14,11,Pune,100.0,57.0,48.0,81.0,89.0,AB,65.0
STU00879,Karthik Chauhan,Male,17,11,Delhi,83.9,89.0,70.0,81.0,46.0,80.0,44.0
STU00801,Dhruv Malhotra,Female,15,12,Ahmedabad,46.4,82.0,44.0,65.0,64.0,82.0,78.0
STU00570,Tanvi Mehta,Female,15,9,Chandigarh,80.6,33.0,53.0,,64.0,68.0,87.0
STU00340,Sanya Mishra,Male,18,11,Ahmedabad,98.5,64.0,70.0,67.0,59.0,51.0,66.0
STU00337,Neha Verma,Female,16,11,Hyderabad,89.9,50.0,50.0,68.0,54.0,100.0,46.0
STU00515,Riya Reddy,Male,16,12,Bengaluru,62.5,49.0,68.0,53.0,30.0,99.0,47.0
STU00775,Ishita Sharma,Male,17,12,Bengaluru,86.6,63.0,59.0,65.0,86.0,89.0,53.0
STU00156,Meera Yadav,Male,14,11,Lucknow,89.4,65.0,59.0,74.0,44.0,64.0,96.0
STU00692,Karthik Pandey,Female,17,11,Nagpur,70.7,63.0,58.0,29.0,61.0,69.0,61.0
STU01023,Aryan Agarwal,Male,18,11,Ahmedabad,94.2,32.0,52.0,40.0,56.0,67.0,84.0
STU00900,Ishita Mehta,Male,15,12,Bhopal,100.0,49.0,36.0,57.0,38.0,57.0,96.0
STU00881,Yash Iyer,Male,14,10,Nagpur,72.5,59.0,36.0,55.0,,59.0,74.0
STU00074,Vivaan Singh,Female,16,11,Patna,84.8,38.0,57.0,87.0,36.0,51.0,31.0
STU00044,Vihaan Reddy,Male,14,11,Chennai,97.7,70.0,55.0,,99.0,71.0,56.0
STU00047,Vikram Nair,Female,18,9,Bengaluru,77.0,76.0,56.0,60.0,55.0,49.0,82.0
STU00704,Karthik Pandey,Male,17,9,Chandigarh,94.2,100.0,,58.0,72.0,62.0,48.0
STU00824,Karthik Yadav,Male,18,9,Bengaluru,77.5,61.0,45.0,51.0,50.0,82.0,60.0
STU00585,Vijay Mishra,Male,14,11,Jaipur,93.1,58.0,54.0,61.0,30.0,67.0,41.0
STU00673,Krishna Agarwal,Female,17,10,Pune,93.3,58.0,56.0,62.0,58.0,59.0,58.0
STU00785,Rakesh Agarwal,Female,16,9,Bhopal,54.4,60.0,35.0,25.0,58.0,73.0,55.0
STU00254,Kavya Singh,Female,18,11,Chandigarh,84.2,68.0,88.0,67.0,44.0,30.0,35.0
STU00573,Karthik Rao,Female,15,9,Lucknow,85.3,AB,40.0,79.0,24.0,73.0,36.0
STU00097,Pooja Nair,Male,18,11,Chennai,79.6,70.0,69.0,81.0,46.0,70.0,67.0
STU00279,Tanvi Pandey,Male,18,9,Indore,78.8,,37.0,,37.0,57.0,54.0
STU00671,Kavya Gupta,MALE,16,9,Mumbai,67.2,80.0,33.0,,62.0,70.0,60.0
STU00296,Aman Mishra,Female,14,11,Nagpur,100.0,36.0,54.0,AB,68.0,,49.0
STU01099,Aryan Pandey,Male,17,9,Mumbai,96.4,64.0,35.0,46.0,64.0,71.0,45.0
STU00346,Vijay Kapoor,Male,17,11,Bhopal,78.2,67.0,93.0,60.0,19.0,68.0,
STU00606,Pooja Kapoor,Female,15,10,Bhopal,81.1,45.0,60.0,66.0,32.0,60.0,82.0
STU00099,Karthik Gupta,Female,17,12,Pune,67.9,76.0,77.0,63.0,13.0,60.0,71.0
STU01072,Amit Chauhan,Female,16,12,Delhi,95.7,74.0,63.0,82.0,74.0,54.0,35.0
STU00552,Rakesh Kumar,Male,16,12,Pune,85.2,74.0,39.0,58.0,48.0,93.0,65.0
STU00075,Aman Verma,Male,14,12,Mumbai,88.5,72.0,36.0,49.0,63.0,78.0,70.0
STU00266,Aditi Kumar,Female,17,9,Lucknow,63.8,55.0,,56.0,39.0,72.0,33.0
STU01003,Nisha Gupta,Female,16,12,Lucknow,79.5,63.0,47.0,64.0,56.0,100.0,93.0
STU00131,Nisha Kumar,Female,14,9,Hyderabad,74.3,91.0,82.0,54.0,64.0,93.0,69.0
STU00524,Rohan Chauhan,Female,15,11,Delhi,91.3,64.0,76.0,25.0,,69.0,65.0
STU00064,Vihaan Kapoor,Female,17,9,Chandigarh,84.7,56.0,95.0,60.0,82.0,-5,58.0
STU00012,Krishna Mishra,Female,15,12,Delhi,81.6,61.0,56.0,47.0,92.0,93.0,64.0
STU00696,Dhruv Mehta,Male,14,11,Mumbai,100.0,51.0,41.0,63.0,27.0,74.0,54.0
STU00356,Anjali Mehta,Female,18,10,Mumbai,72.8,61.0,53.0,55.0,68.0,51.0,29.0
STU00028,Ishita Sharma,Male,16,11,Nagpur,71.5,46.0,69.0,32.0,80.0,,44.0
STU00949,Riya Pandey,Female,18,10,Mumbai,63.5,83.0,37.0,77.0,50.0,77.0,66.0
STU00732,Vivaan Verma,Female,18,10,Mumbai,100.0,57.0,78.0,52.0,71.0,82.0,57.0
STU00807,Meera Yadav,Male,16,10,Pune,72.7,43.0,75.0,54.0,28.0,50.0,66.0
STU00425,Aman Chauhan,Male,16,12,Nagpur,86.3,54.0,54.0,51.0,36.0,84.0,38.0
STU00025,Anjali Kapoor,Male,16,10,Jaipur,60.7,48.0,51.0,60.0,48.0,63.0,55.0
STU00720,Dhruv Agarwal,Female,16,11,Kolkata,67.7,30.0,51.0,62.0,67.0,67.0,94.0
STU00331,Krishna Malhotra,Male,15,9,Pune,92.4,42.0,77.0,56.0,77.0,61.0,41.0
STU00558,Krishna Rao,Female,17,10,Delhi,-5.2,71.0,65.0,50.0,27.0,54.0,72.0
STU00403,Tanvi Kapoor,Female,18,10,Chennai,,48.0,40.0,63.0,65.0,47.0,60.0
STU00192,Deepak Singh,Female,16,9,Pune,53.6,95.0,31.0,26.0,46.0,100.0,100.0
STU00642,Yash Bhat,Female,16,9,Hyderabad,84.3,54.0,68.0,33.0,58.0,59.0,75.0
STU00825,Vijay Bhat,Male,15,11,Bengaluru,92.1,77.0,30.0,29.0,27.0,92.0,
STU00564,Suresh Chauhan,Male,18,9,Nagpur,71.8,46.0,69.0,68.0,90.0,49.0,75.0
STU00129,Anjali Gupta,Male,14,10,Kolkata,96.2,70.0,64.0,34.0,45.0,83.0,61.0
STU00697,Vijay Malhotra,Female,17,12,Nagpur,83.2,26.0,100.0,61.0,61.0,83.0,43.0
STU01130,Aarav Agarwal,Male,15,12,Ahmedabad,94.8,55.0,80.0,33.0,42.0,59.0,30.0
STU00902,Priya Patel,Male,15,11,Chandigarh,98.1,53.0,57.0,74.0,42.0,108,50.0
STU00169,Amit Reddy,Male,14,12,Mumbai,96.6,,41.0,69.0,55.0,93.0,100.0
STU00287,Aryan Sharma,Female,18,9,Patna,84.8,31.0,70.0,48.0,53.0,,62.0
STU00966,Vihaan Rao,Male,16,12,Bhopal,74.4,61.0,46.0,32.0,72.0,50.0,52.0
STU00817,Vihaan Pandey,Male,17,12,Pune,92.8,62.0,48.0,60.0,44.0,57.0,45.0
STU00015,Kavya Iyer,Male,17,11,Hyderabad,77.2,78.0,47.0,38.0,57.0,69.0,62.0
STU00420,Aarav Mishra,MALE,15,9,Indore,85.1,108,43.0,63.0,57.0,57.0,50.0
STU00189,Tanvi Malhotra,Female,18,9,Hyderabad,86.4,56.0,59.0,64.0,29.0,68.0,63.0
STU00437,Arjun Gupta,Male,16,12,Bengaluru,76.4,80.0,53.0,50.0,72.0,78.0,74.0
STU01035,Karthik Iyer,Female,15,12,Kolkata,69.0,62.0,20.0,,63.0,91.0,63.0
STU00792,Sanya Iyer,Female,16,12,Delhi,73.6,86.0,25.0,79.0,64.0,27.0,56.0
STU00417,Priya Gupta,Male,17,9,Ahmedabad,76.0,72.0,56.0,84.0,47.0,100.0,48.0
STU00833,Kavya Nair,Male,16,10,Ahmedabad,61.3,69.0,40.0,66.0,56.0,85.0,32.0
STU00408,Nisha Bhat,Male,17,11,Bengaluru,77.4,87.0,55.0,82.0,78.0,63.0,60.0
STU00397,Sneha Bhat,Male,18,11,Ahmedabad,,74.0,54.0,73.0,61.0,83.0,54.0
STU01081,Aman Singh,Male,14,10,Ahmedabad,100.0,84.0,51.0,73.0,79.0,60.0,65.0
STU00990,Aditya Kapoor,Female,18,9,Hyderabad,100.0,66.0,78.0,27.0,34.0,45.0,71.0
STU00933,Vikram Iyer,F,18,9,Ahmedabad,71.4,73.0,51.0,56.0,70.0,69.0,49.0
STU00888,Shreya Gupta,Male,15,10,Nagpur,68.4,64.0,34.0,48.0,50.0,41.0,44.0
STU00193,Vivaan Gupta,Male,18,10,Chennai,94.6,,38.0,58.0,29.0,88.0,56.0
STU00150,Aryan Sharma,Male,15,12,Indore,62.6,88.0,,49.0,70.0,85.0,97.0
STU00708,Aditi Kapoor,Male,14,10,Bhopal,75.0,81.0,33.0,78.0,56.0,63.0,AB
STU00634,Aditya Nair,Male,16,11,Jaipur,100.0,39.0,69.0,52.0,65.0,84.0,53.0
STU00569,Sneha Nair,Male,17,9,Chennai,104.5,62.0,96.0,59.0,,65.0,51.0
STU00300,Neha Chauhan,Female,15,9,Hyderabad,100.0,69.0,29.0,62.0,46.0,-5,70.0
STU00914,Arjun Agarwal,Female,17,12,Chennai,,57.0,52.0,43.0,23.0,,60.0
STU00905,Vihaan Agarwal,Female,15,11,Bengaluru,82.9,78.0,78.0,84.0,32.0,77.0,23.0
STU00241,Aryan Bhat,Male,15,11,Bengaluru,72.2,59.0,82.0,,61.0,,59.0
STU00200,Aryan Reddy,Male,16,9,Pune,67.2,38.0,58.0,77.0,42.0,70.0,
STU00046,Diya Bhat,Male,17,10,Pune,100.0,74.0,68.0,27.0,20.0,74.0,81.0
STU00727,Aditya Singh,Male,16,12,Chandigarh,76.2,,40.0,55.0,50.0,47.0,52.0
STU00541,Rakesh Agarwal,Male,15,12,Bengaluru,70.5,68.0,74.0,52.0,1.0,65.0,42.0
STU00603,Meera Mishra,Male,17,10,Indore,91.3,62.0,42.0,40.0,58.0,87.0,63.0
STU00138,Ananya Rao,Female,16,11,Kolkata,86.2,46.0,69.0,82.0,63.0,77.0,51.0
STU00998,Shreya Sharma,Male,17,10,Bhopal,91.4,90.0,50.0,30.0,65.0,77.0,32.0
STU01149,Reyansh Rao,Male,18,10,Bhopal,62.2,,60.0,74.0,56.0,49.0,41.0
STU00534,Deepak Chauhan,Male,18,9,Lucknow,87.5,74.0,40.0,72.0,34.0,75.0,42.0
STU00680,Arjun Nair,Female,16,11,Mumbai,100.0,67.0,61.0,52.0,33.0,46.0,57.0
STU00804,Sai Joshi,Female,16,12,Kolkata,83.9,80.0,35.0,57.0,79.0,63.0,62.0
STU01195,Amit Pandey,Female,14,11,Mumbai,100.0,49.0,77.0,44.0,27.0,82.0,AB
STU00991,Meera Chauhan,Male,17,11,Hyderabad,84.3,86.0,48.0,20.0,27.0,31.0,59.0
STU00382,Deepak Mishra,Male,17,9,Hyderabad,100.0,49.0,56.0,63.0,72.0,47.0,44.0
STU00894,Krishna Verma,Male,15,11,Hyderabad,54.5,85.0,31.0,36.0,41.0,56.0,82.0
STU01194,Amit Agarwal,Male,17,12,Mumbai,74.8,64.0,72.0,81.0,54.0,64.0,29.0
STU00449,Sanya Verma,Female,18,9,Lucknow,81.5,64.0,61.0,69.0,76.0,79.0,69.0
STU00511,Aditya Verma,Female,18,10,Hyderabad,73.9,92.0,56.0,61.0,58.0,68.0,54.0
STU00424,Reyansh Verma,Male,18,11,Bengaluru,77.3,83.0,60.0,81.0,71.0,64.0,45.0
STU00007,Tanvi Kapoor,Female,16,10,Chandigarh,71.8,75.0,39.0,53.0,42.0,54.0,87.0
STU00098,Amit Verma,MALE,16,12,Hyderabad,65.5,45.0,49.0,67.0,68.0,41.0,19.0
STU00411,Aarav Yadav,Male,14,12,Delhi,98.7,45.0,51.0,25.0,87.0,37.0,33.0
STU00159,Tanvi Malhotra,Female,18,12,Nagpur,66.5,80.0,47.0,82.0,61.0,54.0,78.0
STU00945,Aditya Iyer,Male,14,12,Ahmedabad,79.4,84.0,57.0,72.0,39.0,,38.0
STU01014,Pooja Agarwal,Male,18,10,Bhopal,90.0,41.0,60.0,47.0,61.0,83.0,60.0
STU00033,Ananya Reddy,Male,15,12,Pune,78.7,78.0,33.0,65.0,69.0,82.0,56.0
STU00698,Ishaan Joshi,Male,16,12,Nagpur,66.6,87.0,52.0,68.0,47.0,41.0,55.0
STU00782,Rohan Mishra,Male,18,9,Chandigarh,96.6,96.0,54.0,64.0,30.0,64.0,73.0
STU00522,Ananya Nair,Male,18,9,Jaipur,80.4,63.0,74.0,51.0,35.0,64.0,108
STU00335,Rakesh Gupta,Male,17,9,Hyderabad,68.9,73.0,19.0,78.0,67.0,58.0,48.0
STU00491,Aditi Malhotra,Female,18,12,Nagpur,73.0,75.0,39.0,71.0,72.0,50.0,56.0
STU00259,Manoj Verma,Female,15,11,Mumbai,60.5,79.0,83.0,74.0,70.0,50.0,72.0
STU00172,Pooja Mehta,Female,15,10,Mumbai,74.7,33.0,59.0,70.0,29.0,69.0,69.0
STU01118,Aditi Kapoor,Female,15,11,Pune,88.2,41.0,57.0,91.0,55.0,86.0,-5
STU00548,Karthik Verma,Female,16,11,Mumbai,46.3,39.0,52.0,46.0,64.0,83.0,64.0
STU00237,Diya Rao,MALE,18,12,Patna,59.9,74.0,60.0,66.0,67.0,74.0,62.0
STU00385,Sai Nair,Female,17,9,Delhi,88.0,80.0,72.0,62.0,70.0,70.0,71.0
STU00678,Ishaan Rao,Male,17,10,Jaipur,77.8,60.0,54.0,24.0,84.0,39.0,46.0
STU00024,Diya Pandey,Female,18,12,Chennai,85.7,44.0,55.0,51.0,56.0,77.0,37.0
STU00832,Krishna Joshi,Male,16,9,Lucknow,85.1,43.0,54.0,78.0,35.0,48.0,53.0
STU01031,Manoj Joshi,Male,15,12,Chennai,66.6,57.0,57.0,28.0,50.0,82.0,49.0
STU00910,Sai Patel,Male,17,12,Patna,83.3,97.0,72.0,39.0,66.0,89.0,54.0
STU00546,Sanya Iyer,Female,15,11,Mumbai,85.7,93.0,55.0,51.0,51.0,52.0,92.0
STU00659,Sneha Joshi,Male,16,11,Mumbai,56.7,59.0,49.0,38.0,84.0,98.0,44.0
STU00478,Nisha Chauhan,Male,18,10,Indore,69.7,67.0,68.0,62.0,55.0,,
STU00863,Kavya Kapoor,Male,18,9,Bengaluru,62.9,95.0,10.0,25.0,59.0,73.0,55.0
STU01070,Kavya Iyer,Female,17,11,Jaipur,92.3,77.0,38.0,89.0,67.0,78.0,58.0
STU01012,Meera Joshi,Male,17,11,Mumbai,68.0,77.0,32.0,61.0,71.0,86.0,42.0
STU00154,Dhruv Joshi,Male,14,10,Chennai,95.6,41.0,34.0,71.0,72.0,76.0,43.0
STU00123,Neha Verma,M,16,12,Nagpur,87.9,84.0,53.0,66.0,45.0,79.0,76.0
STU00763,Pooja Sharma,Female,17,9,Lucknow,73.3,77.0,,63.0,56.0,70.0,50.0
STU01007,Reyansh Mishra,Female,16,11,Jaipur,73.3,57.0,44.0,56.0,,54.0,30.0
STU00121,Sai Joshi,Male,18,9,Hyderabad,98.7,35.0,50.0,76.0,59.0,65.0,46.0
STU00929,Rahul Joshi,Male,16,11,Hyderabad,100.0,56.0,90.0,68.0,65.0,66.0,53.0
STU00583,Sanya Gupta,Male,15,11,Patna,74.1,58.0,89.0,59.0,23.0,76.0,58.0
STU00464,Kavya Reddy,Male,16,9,Ahmedabad,41.1,69.0,56.0,79.0,43.0,33.0,50.0
STU00867,Anjali Pandey,Male,15,10,Hyderabad,67.4,47.0,57.0,37.0,55.0,70.0,89.0
STU01008,Neha Reddy,Male,18,11,Chennai,73.3,80.0,36.0,36.0,27.0,76.0,81.0
STU00636,Rahul Gupta,Male,18,9,Lucknow,109.0,76.0,58.0,72.0,27.0,53.0,72.0
STU01126,Sanya Joshi,Female,14,12,Patna,90.1,32.0,67.0,61.0,39.0,48.0,57.0
STU00520,Diya Bhat,Female,15,9,Mumbai,85.4,67.0,67.0,81.0,89.0,97.0,65.0
STU01131,Aarav Agarwal,Female,18,10,Delhi,97.5,66.0,62.0,53.0,24.0,48.0,94.0
STU00993,Neha Kapoor,Female,15,9,Hyderabad,72.9,64.0,48.0,54.0,63.0,51.0,94.0
STU00983,Aman Malhotra,Female,18,12,Indore,70.6,70.0,62.0,50.0,,51.0,42.0
STU00587,Yash Kumar,Male,15,11,Bhopal,74.9,49.0,42.0,52.0,73.0,73.0,52.0
STU01056,Aryan Yadav,Female,16,9,Jaipur,86.8,65.0,66.0,61.0,89.0,92.0,48.0
STU00810,Arjun Agarwal,Female,14,12,Lucknow,59.7,72.0,,26.0,62.0,86.0,5.0
STU00523,Sneha Kumar,Female,17,9,Patna,86.7,87.0,,45.0,60.0,80.0,48.0
STU00358,Rakesh Kapoor,Male,14,9,Indore,93.8,45.0,65.0,70.0,50.0,24.0,60.0
STU00976,Rakesh Chauhan,Female,18,11,Ahmedabad,82.0,43.0,24.0,56.0,72.0,53.0,46.0
STU01051,Rakesh Yadav,Female,14,12,Ahmedabad,87.1,100.0,48.0,50.0,49.0,75.0,29.0
STU00151,Rahul Bhat,Female,15,9,Indore,83.5,75.0,98.0,67.0,53.0,65.0,81.0
STU00529,Diya Kapoor,Male,14,12,Hyderabad,,50.0,87.0,50.0,64.0,52.0,59.0
STU00181,Vikram Pandey,Male,18,10,Bhopal,63.0,14.0,57.0,57.0,72.0,100.0,63.0
STU00292,Arjun Verma,Female,15,11,Bhopal,94.8,75.0,66.0,44.0,86.0,80.0,74.0
STU00762,Krishna Kumar,Male,14,10,Mumbai,77.0,67.0,71.0,46.0,39.0,35.0,61.0
STU00830,Vikram Patel,Female,14,10,Lucknow,72.9,100.0,63.0,82.0,AB,61.0,
STU00175,Krishna Kumar,Female,18,10,Kolkata,52.7,71.0,72.0,68.0,59.0,83.0,54.0
STU00765,Aarav Mishra,Female,14,10,Delhi,60.3,63.0,46.0,70.0,73.0,43.0,28.0
STU00258,Amit Gupta,Male,18,11,Bhopal,81.3,49.0,63.0,89.0,100.0,100.0,38.0
STU01154,Karthik Kumar,Female,17,12,Ahmedabad,100.0,39.0,39.0,43.0,96.0,56.0,45.0
STU01170,Vivaan Verma,Female,14,12,Nagpur,83.6,,67.0,54.0,73.0,,26.0
STU00022,Sneha Nair,Male,17,10,Ahmedabad,98.6,57.0,26.0,56.0,23.0,100.0,57.0
STU01179,Ananya Singh,Male,15,10,Chandigarh,85.9,70.0,46.0,77.0,71.0,73.0,71.0
STU01075,Vikram Pandey,Female,17,11,Mumbai,95.7,80.0,54.0,68.0,67.0,64.0,73.0
STU00783,Riya Rao,Female,17,10,Lucknow,100.0,61.0,33.0,,51.0,90.0,54.0
STU00482,Vikram Singh,Female,17,12,Bhopal,83.9,63.0,47.0,71.0,67.0,70.0,50.0
STU00475,Deepak Patel,Female,17,9,Chandigarh,72.1,62.0,49.0,40.0,64.0,64.0,43.0
STU00827,Aditya Joshi,Female,16,11,Lucknow,70.4,81.0,65.0,76.0,23.0,20.0,51.0
STU00119,Meera Iyer,Female,18,11,Lucknow,61.5,79.0,22.0,54.0,,53.0,42.0
STU00179,Reyansh Pandey,Female,18,12,Kolkata,67.1,28.0,55.0,34.0,56.0,93.0,21.0
STU00911,Dhruv Kapoor,Male,15,11,Chennai,79.1,59.0,53.0,62.0,55.0,53.0,47.0
STU00338,Pooja Malhotra,Female,17,9,Ahmedabad,78.6,88.0,60.0,63.0,49.0,100.0,19.0
STU00610,Aman Iyer,Male,17,11,Kolkata,70.9,48.0,54.0,65.0,50.0,56.0,33.0
STU00298,Dhruv Bhat,Female,15,12,Chennai,85.9,61.0,70.0,60.0,58.0,71.0,72.0
STU00912,Dhruv Pandey,Female,18,12,Patna,91.2,64.0,82.0,33.0,71.0,85.0,52.0
STU01129,Nisha Yadav,Female,14,10,Bengaluru,71.5,28.0,34.0,48.0,59.0,42.0,20.0
STU00110,Diya Mishra,Female,17,11,Chennai,92.4,100.0,56.0,42.0,47.0,53.0,84.0
STU00414,Anjali Pandey,Male,17,9,Ahmedabad,88.6,,60.0,,66.0,61.0,17.0
STU01121,Ishaan Yadav,Male,14,11,Ahmedabad,100.0,90.0,78.0,47.0,48.0,45.0,66.0
STU00543,Ishaan Bhat,Male,16,10,Patna,100.0,46.0,40.0,57.0,,89.0,48.0
STU00913,Shreya Mishra,Male,16,10,Bengaluru,99.0,54.0,71.0,49.0,36.0,60.0,65.0
STU00306,Vikram Rao,Male,17,10,Pune,91.9,60.0,50.0,66.0,55.0,AB,63.0
STU00986,Vikram Mishra,Male,17,12,Patna,73.9,83.0,71.0,75.0,52.0,68.0,50.0
STU00661,Arjun Patel,Female,18,9,Ahmedabad,71.4,66.0,82.0,47.0,61.0,63.0,26.0
STU00947,Manoj Malhotra,Male,16,10,Chandigarh,90.5,45.0,69.0,35.0,53.0,43.0,83.0
STU00021,Reyansh Kapoor,Male,16,10,Kolkata,69.0,72.0,90.0,56.0,68.0,65.0,74.0
STU00666,Diya Malhotra,Female,16,9,Jaipur,97.6,43.0,41.0,84.0,46.0,76.0,60.0
STU00690,Sanya Mehta,Male,15,11,Bengaluru,90.7,70.0,,60.0,49.0,44.0,46.0
STU00679,Karthik Gupta,Female,14,12,Indore,79.4,61.0,70.0,67.0,47.0,70.0,40.0
STU00102,Ishita Yadav,FEMALE,17,12,Chennai,87.1,52.0,50.0,38.0,31.0,65.0,56.0
STU00140,Aditya Verma,Male,15,10,Lucknow,82.6,67.0,9.0,26.0,,45.0,95.0
STU00730,Kabir Mehta,Male,14,10,Kolkata,82.3,79.0,59.0,69.0,53.0,42.0,100.0
STU00224,Dhruv Agarwal,Male,16,10,Indore,82.9,54.0,72.0,,80.0,56.0,50.0
STU01110,Aryan Kumar,Female,16,10,Lucknow,69.1,32.0,39.0,50.0,71.0,37.0,29.0
STU00553,Dhruv Kumar,Female,14,9,Hyderabad,96.7,10.0,59.0,59.0,66.0,94.0,45.0
STU00394,Vivaan Yadav,Male,14,11,Ahmedabad,42.1,77.0,33.0,59.0,80.0,58.0,61.0
STU00461,Suresh Joshi,Male,18,9,Ahmedabad,66.7,74.0,33.0,58.0,55.0,59.0,99.0
STU00885,Aditya Kumar,Female,16,9,Bhopal,76.9,70.0,,80.0,22.0,,62.0
STU00740,Rohan Iyer,Male,18,10,Bengaluru,,79.0,80.0,,57.0,99.0,72.0
STU00206,Reyansh Singh,Male,18,12,Lucknow,75.9,57.0,96.0,,43.0,68.0,
STU00644,Rakesh Singh,Female,18,10,Nagpur,100.0,82.0,55.0,40.0,68.0,52.0,71.0
STU00938,Ananya Gupta,Female,18,10,Nagpur,79.6,71.0,79.0,68.0,54.0,47.0,100.0
STU00589,Dhruv Kumar,Female,16,9,Patna,100.0,100.0,53.0,82.0,,75.0,
STU00038,Anjali Rao,Male,14,10,Chennai,82.4,50.0,63.0,49.0,27.0,40.0,77.0
STU01033,Aditi Mehta,Male,18,12,Nagpur,78.9,75.0,46.0,83.0,75.0,81.0,66.0
STU00361,Sai Mishra,Female,15,11,Ahmedabad,62.5,74.0,56.0,54.0,37.0,82.0,65.0
STU00835,Kavya Malhotra,Male,17,9,Patna,87.5,86.0,50.0,71.0,57.0,77.0,63.0
STU00574,Kavya Kapoor,Female,15,11,Chandigarh,91.8,72.0,49.0,63.0,55.0,43.0,62.0
STU00749,Riya Kapoor,Male,15,10,Lucknow,92.8,90.0,84.0,44.0,75.0,73.0,72.0
STU00596,Ananya Patel,Male,14,10,Pune,62.5,54.0,55.0,77.0,67.0,62.0,74.0
STU00125,Nisha Sharma,Male,15,9,Jaipur,73.4,71.0,74.0,79.0,54.0,47.0,60.0
STU00624,Suresh Rao,Female,15,12,Jaipur,86.6,17.0,100.0,17.0,44.0,84.0,65.0
STU00396,Vihaan Rao,Female,16,9,Indore,90.3,90.0,76.0,52.0,68.0,64.0,60.0
STU00922,Aman Bhat,Male,16,10,Chandigarh,88.6,66.0,52.0,48.0,60.0,51.0,54.0
STU00185,Aarav Kapoor,Female,14,9,Ahmedabad,77.3,72.0,32.0,65.0,24.0,45.0,44.0
STU00056,Aryan Kapoor,Female,17,12,Bhopal,73.3,41.0,82.0,31.0,53.0,99.0,
STU00907,Meera Rao,Female,16,9,Jaipur,73.1,84.0,29.0,24.0,69.0,76.0,54.0
STU01037,Ananya Reddy,Male,18,9,Chandigarh,64.6,50.0,13.0,59.0,92.0,71.0,79.0
STU01122,Priya Gupta,Male,17,11,Jaipur,83.3,43.0,49.0,47.0,85.0,85.0,81.0
STU00166,Kavya Nair,Female,14,11,Pune,82.4,62.0,55.0,54.0,61.0,53.0,44.0
STU01046,Manoj Reddy,Male,14,9,Nagpur,93.5,79.0,-5,39.0,66.0,82.0,78.0
STU00116,Priya Pandey,Female,14,9,Pune,80.3,42.0,76.0,40.0,58.0,91.0,45.0
STU00311,Diya Rao,Male,16,10,Kolkata,85.0,53.0,43.0,40.0,29.0,100.0,39.0
STU00934,Arjun Kapoor,Female,16,11,Chennai,93.6,,73.0,42.0,60.0,38.0,40.0
STU00476,Vihaan Reddy,Female,15,10,Delhi,84.2,80.0,62.0,82.0,49.0,89.0,41.0
STU00421,Aryan Yadav,Male,15,11,Chandigarh,,67.0,43.0,61.0,50.0,63.0,25.0
STU00199,Vivaan Kumar,Female,17,9,Delhi,74.3,71.0,39.0,97.0,65.0,32.0,48.0
STU00555,Deepak Sharma,Male,17,10,Bengaluru,68.3,45.0,78.0,48.0,61.0,78.0,52.0
STU00460,Kabir Chauhan,Male,15,10,Ahmedabad,70.3,67.0,60.0,67.0,53.0,62.0,73.0
STU00219,Riya Mishra,Female,17,9,Nagpur,98.7,53.0,33.0,55.0,60.0,86.0,66.0
STU00212,Shreya Joshi,Female,14,11,Bengaluru,91.4,69.0,34.0,55.0,49.0,46.0,58.0
STU00635,Amit Sharma,Male,16,12,Nagpur,74.1,77.0,54.0,65.0,50.0,67.0,39.0
STU00766,Vihaan Sharma,Male,17,12,Lucknow,91.1,52.0,46.0,57.0,71.0,,58.0
STU00809,Nisha Mehta,Male,17,9,Chennai,84.5,53.0,71.0,27.0,66.0,48.0,58.0
STU00055,Priya Malhotra,Male,14,12,Hyderabad,100.0,54.0,52.0,84.0,76.0,60.0,68.0
STU00532,Sai Malhotra,Male,18,9,Chennai,91.4,76.0,52.0,94.0,69.0,53.0,64.0
STU00838,Sneha Agarwal,Male,16,9,Mumbai,92.2,,86.0,51.0,42.0,44.0,66.0
STU00649,Kabir Yadav,Male,16,11,Delhi,73.3,58.0,60.0,59.0,35.0,75.0,61.0
STU00977,Aditya Rao,Male,15,12,Bengaluru,,86.0,44.0,78.0,46.0,50.0,36.0
STU00571,Manoj Reddy,Female,17,12,Hyderabad,81.0,61.0,44.0,63.0,70.0,72.0,61.0
STU00688,Manoj Agarwal,Male,17,9,Ahmedabad,61.3,90.0,58.0,35.0,34.0,40.0,66.0
STU00953,Karthik Singh,Female,14,12,Pune,100.0,60.0,43.0,54.0,43.0,80.0,72.0
STU00330,Aditya Patel,Male,17,11,Delhi,65.0,36.0,42.0,42.0,67.0,63.0,57.0
STU00493,Aditi Yadav,Male,15,10,Kolkata,93.5,86.0,72.0,37.0,53.0,100.0,56.0
STU00711,Deepak Agarwal,Male,16,10,Delhi,78.4,65.0,52.0,6.0,,58.0,34.0
STU00773,Rohan Joshi,Female,15,12,Pune,100.0,64.0,75.0,47.0,69.0,53.0,50.0
STU00856,Karthik Rao,Male,15,12,Ahmedabad,92.7,57.0,,65.0,88.0,84.0,82.0
STU00148,Kavya Mehta,Male,16,11,Kolkata,72.7,57.0,57.0,,44.0,41.0,29.0
STU00255,Kabir Singh,Male,14,10,Ahmedabad,63.9,82.0,53.0,35.0,52.0,12.0,38.0
STU00853,Rakesh Pandey,Male,14,11,Pune,47.9,81.0,65.0,54.0,25.0,56.0,47.0
STU00566,Ananya Yadav,Male,14,10,Bhopal,92.6,36.0,66.0,71.0,61.0,85.0,65.0
STU00393,Ishita Joshi,Female,16,10,Lucknow,83.5,89.0,80.0,,85.0,34.0,90.0
STU00860,Ananya Mehta,Male,17,12,Nagpur,98.3,85.0,62.0,37.0,29.0,50.0,39.0
STU01061,Shreya Agarwal,Female,16,10,Ahmedabad,100.0,,62.0,67.0,41.0,,66.0
STU00231,Sneha Gupta,Female,15,10,Nagpur,100.0,57.0,54.0,60.0,51.0,56.0,44.0
STU00147,Amit Reddy,Male,15,11,Delhi,100.0,69.0,50.0,48.0,81.0,85.0,55.0
STU01165,Vivaan Gupta,Female,17,11,Nagpur,93.6,65.0,57.0,59.0,44.0,100.0,55.0
STU00168,Priya Bhat,Male,15,12,Jaipur,55.5,72.0,71.0,40.0,63.0,73.0,60.0
STU01197,Pooja Singh,M,18,10,Bhopal,100.0,,44.0,80.0,51.0,93.0,
STU00927,Priya Kumar,Male,16,10,Pune,68.7,69.0,75.0,35.0,100.0,62.0,85.0
STU00599,Sneha Agarwal,F,18,9,Lucknow,47.5,50.0,63.0,36.0,37.0,12.0,62.0
STU01160,Suresh Kapoor,Male,18,9,Nagpur,85.9,44.0,43.0,65.0,28.0,66.0,58.0
STU01198,Priya Yadav,Male,18,12,Bengaluru,91.8,34.0,71.0,52.0,14.0,65.0,47.0
STU00557,Krishna Patel,Male,17,9,Bengaluru,77.8,60.0,67.0,,68.0,100.0,46.0
STU00687,Diya Iyer,Male,15,9,Chennai,79.1,61.0,33.0,58.0,79.0,89.0,20.0
STU00302,Tanvi Gupta,Female,16,9,Mumbai,73.2,84.0,108,36.0,65.0,77.0,87.0
STU00400,Dhruv Iyer,Male,18,12,Chennai,86.0,83.0,63.0,57.0,47.0,59.0,49.0
STU00664,Anjali Verma,Female,15,10,Lucknow,55.8,90.0,68.0,83.0,65.0,61.0,50.0
STU00840,Rakesh Mehta,Female,18,12,Bhopal,63.7,90.0,53.0,87.0,63.0,22.0,37.0
STU00652,Anjali Pandey,Female,17,12,Lucknow,,95.0,,,69.0,76.0,69.0
STU00163,Vijay Singh,Female,18,9,Delhi,70.9,77.0,55.0,73.0,58.0,93.0,
STU00469,Reyansh Gupta,Male,17,11,Chennai,74.0,59.0,65.0,63.0,78.0,86.0,91.0
STU00784,Amit Chauhan,Male,14,11,Pune,83.0,59.0,54.0,18.0,71.0,59.0,68.0
STU00598,Kavya Chauhan,Male,15,10,Bengaluru,84.6,61.0,49.0,61.0,52.0,73.0,64.0
STU01054,Shreya Gupta,Female,17,9,Jaipur,82.6,81.0,40.0,47.0,51.0,75.0,57.0
STU00348,Vihaan Patel,Female,18,12,Patna,,71.0,25.0,43.0,68.0,,46.0
STU00572,Deepak Bhat,Female,17,11,Delhi,79.6,75.0,78.0,94.0,24.0,88.0,89.0
STU00281,Kavya Sharma,M,15,9,Ahmedabad,87.3,88.0,45.0,,43.0,87.0,38.0
STU00924,Ananya Mehta,Male,16,12,Bhopal,96.0,66.0,24.0,47.0,,49.0,41.0
STU01080,Aman Reddy,Female,14,10,Indore,100.0,58.0,68.0,54.0,68.0,88.0,60.0
STU00716,Priya Kumar,Male,17,10,Chandigarh,79.8,15.0,61.0,70.0,56.0,47.0,35.0
STU00010,Vikram Rao,Male,18,9,Chandigarh,63.6,61.0,62.0,55.0,64.0,70.0,65.0
STU00926,Vihaan Patel,Male,15,9,Bengaluru,69.7,76.0,49.0,70.0,53.0,66.0,54.0
STU00786,Vihaan Nair,Female,17,12,Mumbai,89.9,40.0,24.0,57.0,,72.0,71.0
STU00271,Sneha Verma,Female,18,11,Bhopal,68.7,64.0,93.0,50.0,56.0,44.0,62.0
STU01011,Dhruv Yadav,Female,17,9,Bhopal,107.2,58.0,55.0,59.0,58.0,74.0,52.0
STU00495,Rohan Kapoor,Female,18,10,Ahmedabad,92.3,79.0,67.0,48.0,72.0,AB,41.0
STU00676,Aditya Nair,Female,16,12,Ahmedabad,72.4,AB,49.0,89.0,54.0,59.0,55.0
STU00286,Deepak Iyer,Male,15,12,Patna,74.5,75.0,58.0,,51.0,,38.0
STU00542,Amit Joshi,Male,17,12,Kolkata,74.4,58.0,48.0,31.0,53.0,88.0,62.0
STU01004,Diya Kumar,Male,18,11,Ahmedabad,100.0,52.0,76.0,37.0,51.0,84.0,45.0
STU00742,Aryan Gupta,Male,14,12,Chandigarh,97.6,59.0,57.0,68.0,68.0,51.0,55.0
STU00445,Aarav Patel,Male,15,9,Mumbai,69.0,74.0,79.0,72.0,61.0,73.0,82.0
STU01189,Suresh Gupta,Female,18,10,Nagpur,83.8,73.0,33.0,66.0,62.0,60.0,40.0
STU00959,Aryan Rao,Male,16,10,Nagpur,82.2,95.0,55.0,36.0,30.0,90.0,40.0
STU01083,Amit Mishra,Male,18,11,Delhi,65.7,37.0,49.0,65.0,46.0,57.0,63.0
STU00100,Karthik Agarwal,Male,16,9,Patna,87.1,61.0,44.0,46.0,71.0,91.0,56.0
STU00871,Diya Malhotra,Female,15,9,Delhi,58.5,65.0,81.0,,54.0,62.0,52.0
STU00496,Karthik Mehta,Female,17,12,Bhopal,100.0,47.0,59.0,60.0,25.0,86.0,45.0
STU00433,Vikram Yadav,Female,15,10,Chandigarh,,78.0,32.0,37.0,69.0,32.0,58.0
STU00143,Diya Mishra,Male,18,11,Patna,81.3,,79.0,14.0,45.0,73.0,31.0
STU00865,Diya Gupta,Male,16,12,Indore,72.0,62.0,,27.0,25.0,67.0,54.0
STU00751,Kavya Patel,Female,17,11,Ahmedabad,64.9,66.0,46.0,47.0,76.0,64.0,37.0
STU00167,Dhruv Bhat,Male,15,10,Bhopal,78.8,64.0,35.0,34.0,44.0,71.0,78.0
STU00162,Pooja Mishra,Male,16,9,Indore,89.5,90.0,77.0,81.0,61.0,83.0,54.0
STU00643,Yash Sharma,Male,18,12,Patna,51.4,72.0,82.0,51.0,66.0,72.0,75.0
STU00137,Reyansh Agarwal,Male,18,9,Chandigarh,51.1,60.0,51.0,36.0,34.0,62.0,67.0
STU00939,Rohan Pandey,Female,15,12,Nagpur,78.9,62.0,18.0,87.0,73.0,86.0,64.0
STU00017,Vihaan Joshi,male,18,10,Ahmedabad,100.0,70.0,66.0,58.0,69.0,64.0,58.0
STU00114,Aman Joshi,Male,17,11,Bengaluru,72.7,73.0,39.0,100.0,72.0,36.0,32.0
STU00008,Sneha Kapoor,Male,18,11,Hyderabad,97.7,80.0,37.0,69.0,36.0,50.0,73.0
STU00196,Tanvi Kumar,Male,15,10,Delhi,80.2,48.0,66.0,86.0,53.0,,41.0
STU00891,Vivaan Reddy,Male,15,9,Jaipur,79.2,75.0,50.0,37.0,37.0,66.0,
STU00174,Vijay Mishra,Female,17,9,Kolkata,70.4,86.0,53.0,85.0,41.0,26.0,26.0
STU00447,Sanya Agarwal,Male,16,10,Lucknow,89.7,71.0,90.0,44.0,74.0,50.0,23.0
STU00101,Rahul Mishra,Male,15,9,Indore,100.0,74.0,71.0,65.0,23.0,77.0,52.0
STU01086,Aarav Malhotra,Male,18,12,Delhi,62.7,43.0,50.0,52.0,47.0,63.0,38.0
STU00580,Yash Reddy,Male,16,10,Hyderabad,88.6,,85.0,44.0,56.0,70.0,46.0
STU00474,Amit Gupta,Male,16,12,Bhopal,81.2,,63.0,56.0,46.0,83.0,55.0
STU00205,Deepak Sharma,Male,17,9,Pune,80.3,28.0,70.0,45.0,93.0,100.0,62.0
STU00581,Aditi Rao,Male,14,10,Jaipur,63.4,89.0,46.0,49.0,32.0,82.0,43.0
STU00157,Arjun Patel,Female,14,9,Chennai,59.0,68.0,52.0,48.0,53.0,100.0,52.0
STU00919,Deepak Reddy,Male,14,9,Pune,88.2,75.0,63.0,66.0,61.0,69.0,AB
STU01050,Shreya Singh,Male,14,11,Chandigarh,-1.2,90.0,61.0,54.0,,90.0,52.0
STU00486,Aryan Iyer,Male,16,12,Ahmedabad,73.9,77.0,40.0,48.0,63.0,43.0,39.0
STU00645,Arjun Chauhan,Male,15,12,Bengaluru,80.1,81.0,19.0,97.0,59.0,76.0,74.0
STU01151,Kabir Gupta,Male,16,11,Mumbai,71.1,75.0,53.0,34.0,43.0,64.0,67.0
STU00712,Aditi Yadav,Male,17,10,Lucknow,87.7,55.0,35.0,52.0,52.0,54.0,35.0
STU00899,Vijay Kumar,Male,17,12,Mumbai,81.4,70.0,54.0,94.0,64.0,28.0,42.0
STU01073,Rahul Iyer,Female,17,11,Mumbai,83.8,67.0,62.0,40.0,52.0,81.0,48.0
STU00779,Manoj Kapoor,Female,16,9,Jaipur,71.2,64.0,66.0,43.0,53.0,75.0,43.0
STU00004,Vihaan Yadav,Female,17,11,Mumbai,87.3,74.0,50.0,86.0,52.0,73.0,78.0
STU00378,Riya Iyer,Female,16,9,Kolkata,94.9,54.0,56.0,47.0,48.0,44.0,37.0
STU00014,Ananya Bhat,Male,16,11,Bengaluru,87.2,72.0,77.0,,65.0,75.0,29.0
STU00359,Sanya Rao,Female,14,9,Mumbai,85.8,98.0,74.0,47.0,81.0,64.0,48.0
STU00429,Rohan Verma,Male,14,11,Bhopal,82.6,84.0,43.0,66.0,66.0,53.0,48.0
STU00277,Vikram Reddy,Male,15,9,Chandigarh,82.1,84.0,38.0,65.0,90.0,45.0,59.0
STU00267,Reyansh Patel,Male,16,11,Ahmedabad,69.5,82.0,83.0,62.0,39.0,80.0,
STU01041,Vikram Verma,Male,17,11,Bhopal,76.3,44.0,34.0,66.0,67.0,78.0,49.0
STU01069,Kavya Sharma,Female,18,11,Bengaluru,72.9,83.0,100.0,71.0,49.0,74.0,
STU00230,Vikram Gupta,Male,15,10,Patna,73.1,98.0,47.0,46.0,65.0,29.0,52.0
STU01191,Krishna Iyer,Female,14,10,Chandigarh,77.8,53.0,53.0,60.0,59.0,62.0,
STU00719,Diya Yadav,Female,16,9,Delhi,62.9,87.0,66.0,99.0,30.0,58.0,55.0
STU00031,Rakesh Malhotra,Male,15,12,Lucknow,100.0,64.0,,94.0,46.0,87.0,46.0
STU00446,Vihaan Malhotra,Male,15,12,Lucknow,100.0,94.0,60.0,70.0,43.0,62.0,75.0
STU00761,Suresh Malhotra,Female,16,9,Kolkata,89.0,81.0,60.0,,78.0,50.0,48.0
STU00374,Kavya Reddy,Female,15,11,Chandigarh,47.0,,76.0,85.0,49.0,87.0,58.0
STU01082,Ananya Mishra,Male,18,12,Kolkata,92.2,,51.0,100.0,32.0,68.0,65.0
STU00695,Manoj Mishra,Male,17,9,Indore,77.7,54.0,31.0,51.0,39.0,58.0,AB
STU00873,Ishaan Agarwal,Male,18,12,Ahmedabad,99.8,,,30.0,47.0,64.0,63.0
STU00117,Aarav Kapoor,Female,14,12,Bhopal,87.4,61.0,62.0,80.0,41.0,78.0,80.0
STU00223,Sanya Yadav,Male,17,11,Bengaluru,85.3,58.0,32.0,69.0,33.0,100.0,61.0
STU00459,Kavya Kapoor,Male,17,10,Ahmedabad,61.7,93.0,69.0,57.0,81.0,36.0,43.0
STU00618,Neha Reddy,Male,14,11,Lucknow,59.6,46.0,82.0,36.0,58.0,58.0,53.0
STU00669,Neha Patel,Female,16,10,Ahmedabad,69.0,99.0,38.0,46.0,43.0,54.0,29.0
STU00201,Vijay Kapoor,Male,14,12,Indore,100.0,77.0,58.0,57.0,51.0,76.0,41.0
STU00550,Vivaan Iyer,Male,16,11,Chandigarh,81.3,63.0,44.0,23.0,77.0,93.0,
STU00654,Kabir Singh,Female,17,10,Lucknow,76.1,67.0,50.0,58.0,71.0,38.0,65.0
STU00974,Reyansh Mishra,Male,14,11,Lucknow,100.0,90.0,67.0,36.0,43.0,100.0,61.0
STU00343,Reyansh Bhat,Male,17,11,Kolkata,94.4,46.0,67.0,48.0,57.0,61.0,84.0
STU01093,Neha Patel,Female,14,10,Delhi,80.6,56.0,67.0,55.0,77.0,81.0,25.0
STU00632,Diya Bhat,Female,15,9,Chennai,76.0,44.0,39.0,67.0,,82.0,68.0
STU00006,Kavya Agarwal,Male,17,9,Jaipur,54.7,86.0,43.0,66.0,35.0,66.0,63.0
STU00109,Vihaan Verma,Male,17,11,Indore,,93.0,48.0,96.0,59.0,80.0,44.0
STU00502,Riya Pandey,Female,18,12,Pune,85.6,71.0,58.0,36.0,20.0,30.0,49.0
STU00392,Arjun Gupta,Male,18,10,Ahmedabad,88.5,72.0,64.0,90.0,71.0,,60.0
STU00969,Rahul Joshi,Male,16,11,Jaipur,44.7,63.0,54.0,87.0,56.0,84.0,57.0
STU00518,Aditya Malhotra,Female,14,11,Bhopal,96.4,91.0,59.0,78.0,48.0,77.0,43.0
STU00480,Amit Iyer,Female,14,10,Chennai,87.5,51.0,70.0,71.0,47.0,69.0,60.0
STU00800,Vikram Malhotra,Female,17,11,Bengaluru,,76.0,43.0,62.0,52.0,98.0,60.0
STU00035,Vihaan Rao,Male,18,9,Kolkata,93.5,98.0,43.0,64.0,,77.0,44.0
STU01120,Ishita Pandey,Female,18,11,Hyderabad,86.4,86.0,54.0,64.0,72.0,46.0,
STU00009,Sanya Gupta,Male,15,9,Pune,83.0,74.0,49.0,86.0,49.0,99.0,61.0
STU00790,Arjun Chauhan,Male,18,11,Hyderabad,85.3,63.0,61.0,49.0,72.0,37.0,73.0
STU00527,Sanya Agarwal,Male,16,9,Delhi,82.1,54.0,64.0,AB,42.0,80.0,68.0
STU00232,Tanvi Iyer,Female,18,11,Patna,80.9,48.0,56.0,34.0,94.0,78.0,64.0
STU00320,Nisha Mishra,Male,14,10,Bengaluru,72.4,74.0,61.0,73.0,43.0,61.0,88.0
STU00441,Vihaan Pandey,Female,15,12,Ahmedabad,73.3,99.0,75.0,59.0,59.0,90.0,39.0
STU00526,Sanya Nair,male,15,9,Bhopal,96.0,53.0,45.0,94.0,27.0,73.0,52.0
STU00625,Karthik Agarwal,Female,15,11,Patna,93.0,100.0,AB,44.0,70.0,65.0,67.0
STU00611,Neha Joshi,Male,14,10,Jaipur,86.1,66.0,40.0,25.0,72.0,55.0,24.0
STU00073,Vijay Pandey,Male,14,11,Lucknow,81.6,61.0,78.0,62.0,27.0,44.0,62.0
STU00349,Sneha Joshi,Male,15,10,Jaipur,86.1,55.0,100.0,47.0,52.0,57.0,51.0
STU01038,Anjali Iyer,Male,14,11,Chennai,86.9,50.0,53.0,37.0,71.0,66.0,55.0
STU00095,Rohan Reddy,Male,16,10,Hyderabad,86.5,94.0,55.0,50.0,60.0,55.0,64.0
STU00544,Aman Agarwal,Female,16,11,Hyderabad,,37.0,49.0,,73.0,88.0,42.0
STU00963,Rahul Gupta,Male,14,10,Kolkata,77.8,35.0,61.0,52.0,62.0,82.0,45.0
STU01088,Rohan Kapoor,Female,14,9,Kolkata,88.8,58.0,36.0,66.0,31.0,62.0,56.0
STU00210,Aryan Mehta,Female,15,11,Delhi,88.2,68.0,50.0,35.0,41.0,42.0,57.0
STU00176,Kavya Sharma,Male,18,10,Chandigarh,87.3,0.0,50.0,77.0,100.0,61.0,54.0
STU00481,Reyansh Iyer,Female,17,11,Kolkata,,59.0,41.0,83.0,82.0,69.0,44.0
STU00282,Ishita Kumar,Male,16,10,Hyderabad,89.7,64.0,,37.0,34.0,51.0,56.0
STU00107,Nisha Iyer,Female,15,9,Lucknow,69.5,53.0,62.0,33.0,63.0,95.0,61.0
STU00906,Rohan Yadav,Female,18,9,Lucknow,93.0,77.0,48.0,84.0,46.0,86.0,51.0
STU00858,Neha Pandey,Male,18,12,Jaipur,97.1,37.0,31.0,56.0,64.0,64.0,73.0
STU00252,Amit Pandey,Female,14,9,Indore,68.9,64.0,54.0,38.0,60.0,48.0,54.0
STU01178,Dhruv Nair,Female,14,12,Mumbai,74.7,52.0,31.0,64.0,58.0,54.0,54.0
STU00390,Kabir Pandey,Male,15,11,Lucknow,86.1,58.0,56.0,15.0,33.0,81.0,68.0
STU00955,Vivaan Mishra,Female,14,10,Pune,99.9,56.0,46.0,68.0,19.0,74.0,75.0
STU00965,Krishna Agarwal,Female,15,9,Chennai,88.0,88.0,76.0,74.0,,27.0,24.0
STU00328,Riya Mehta,Male,16,11,Hyderabad,62.7,53.0,35.0,61.0,42.0,59.0,38.0
STU00996,Kavya Iyer,Female,15,12,Ahmedabad,95.2,63.0,52.0,64.0,57.0,63.0,48.0
STU00013,Nisha Chauhan,Female,16,11,Jaipur,87.0,46.0,85.0,71.0,17.0,60.0,30.0
STU01036,Krishna Chauhan,Female,18,9,Patna,76.9,63.0,65.0,37.0,54.0,58.0,24.0
STU00669,Neha Patel,Female,16,10,Ahmedabad,69.0,99.0,38.0,46.0,43.0,54.0,29.0
STU01084,Dhruv Bhat,Female,15,11,Jaipur,88.3,89.0,29.0,44.0,50.0,91.0,46.0
STU00870,Aarav Singh,Male,17,9,Mumbai,86.9,59.0,57.0,28.0,33.0,52.0,73.0
STU01077,Suresh Mehta,Female,18,12,Indore,70.6,86.0,37.0,37.0,36.0,76.0,53.0
STU00960,Priya Mehta,Male,14,11,Pune,82.2,65.0,45.0,70.0,47.0,77.0,-5
STU01016,Riya Kumar,Male,14,12,Bhopal,83.4,66.0,20.0,61.0,60.0,71.0,26.0
STU00214,Suresh Bhat,Female,18,10,Chennai,78.3,62.0,32.0,91.0,69.0,,58.0
STU00217,Vikram Gupta,female,14,10,Patna,100.0,52.0,57.0,65.0,49.0,95.0,44.0
STU00943,Pooja Kumar,Female,18,11,Pune,89.6,98.0,3.0,49.0,25.0,96.0,77.0
STU00614,Arjun Agarwal,Male,18,9,Patna,64.9,70.0,AB,88.0,49.0,60.0,67.0
STU00823,Sai Patel,Male,15,12,Chandigarh,96.0,61.0,AB,33.0,95.0,88.0,51.0
STU00423,Aarav Sharma,Female,18,9,Patna,93.3,40.0,,66.0,66.0,54.0,54.0
STU00746,Kabir Rao,Female,18,12,Jaipur,85.7,73.0,29.0,47.0,66.0,45.0,49.0
STU00568,Pooja Verma,Male,16,9,Pune,78.5,60.0,47.0,61.0,75.0,58.0,98.0
STU00422,Rakesh Sharma,Male,18,10,Lucknow,91.8,64.0,48.0,86.0,46.0,68.0,81.0
STU00069,Pooja Sharma,Male,18,9,Jaipur,71.0,76.0,43.0,73.0,56.0,50.0,47.0
STU00554,Rohan Mishra,Female,16,10,Delhi,77.8,73.0,79.0,65.0,53.0,51.0,16.0
STU00086,Arjun Verma,Female,15,12,Patna,100.0,24.0,44.0,73.0,54.0,55.0,66.0
STU00247,Shreya Chauhan,Female,17,12,Bengaluru,99.7,52.0,54.0,68.0,31.0,50.0,75.0
STU00467,Kabir Chauhan,Female,16,10,Lucknow,74.1,72.0,85.0,45.0,20.0,74.0,58.0
STU00880,Riya Joshi,Male,14,11,Patna,96.2,,40.0,77.0,,81.0,57.0
STU00430,Meera Bhat,Male,15,9,Pune,81.3,57.0,47.0,51.0,86.0,88.0,
STU00418,Suresh Kapoor,Female,17,9,Chandigarh,93.0,100.0,67.0,43.0,36.0,68.0,45.0
STU00413,Pooja Verma,Female,16,9,Pune,88.1,53.0,68.0,58.0,57.0,93.0,57.0
STU00647,Diya Sharma,Male,17,9,Chennai,64.1,81.0,61.0,49.0,79.0,55.0,
STU00197,Rahul Joshi,Female,17,11,Jaipur,91.6,35.0,42.0,37.0,53.0,80.0,
STU00226,Amit Mishra,Male,14,11,Chandigarh,68.8,70.0,61.0,88.0,41.0,,61.0
STU00729,Vijay Rao,Male,14,9,Nagpur,82.9,64.0,77.0,72.0,48.0,73.0,64.0
STU00285,Neha Joshi,Female,16,10,Delhi,78.5,72.0,52.0,45.0,73.0,70.0,57.0
STU00660,Diya Nair,Male,18,9,Nagpur,67.9,60.0,66.0,71.0,94.0,43.0,53.0
STU00904,Aarav Rao,Female,16,11,Bhopal,87.4,60.0,50.0,48.0,27.0,52.0,54.0
STU00112,Sneha Singh,Female,16,10,Mumbai,76.7,40.0,46.0,83.0,59.0,62.0,51.0
STU00545,Meera Gupta,Female,15,9,Bengaluru,77.3,68.0,40.0,-5,35.0,68.0,82.0
STU01134,Anjali Malhotra,Male,15,12,Delhi,83.8,,14.0,57.0,45.0,45.0,66.0
STU01020,Vijay Iyer,Male,16,10,Jaipur,86.3,68.0,84.0,81.0,48.0,67.0,52.0
STU00685,Amit Chauhan,Male,16,10,Patna,,,44.0,56.0,30.0,100.0,58.0
STU00818,Ananya Mehta,Male,14,11,Bengaluru,61.7,AB,84.0,9.0,39.0,91.0,46.0
STU00381,Krishna Joshi,Female,18,10,Delhi,86.7,67.0,72.0,29.0,68.0,,63.0
STU00500,Amit Mehta,Female,18,10,Chennai,89.3,76.0,71.0,68.0,81.0,,42.0
STU01186,Vivaan Bhat,Female,15,12,Lucknow,76.4,67.0,47.0,54.0,80.0,,43.0
STU00952,Sneha Singh,Male,15,10,Pune,75.4,39.0,61.0,67.0,48.0,59.0,30.0
STU00780,Vijay Pandey,Male,15,10,Chandigarh,81.0,79.0,75.0,19.0,60.0,36.0,32.0
STU00291,Vihaan Bhat,Male,18,10,Mumbai,74.0,74.0,59.0,68.0,37.0,84.0,
STU00389,Ananya Gupta,Male,18,9,Mumbai,72.5,53.0,34.0,44.0,53.0,48.0,66.0
STU00360,Rohan Joshi,Female,18,11,Chandigarh,100.0,72.0,18.0,67.0,38.0,59.0,50.0
STU00407,Anjali Patel,Female,17,11,Jaipur,91.9,,30.0,60.0,60.0,51.0,69.0
STU00365,Ishita Yadav,Female,15,12,Chennai,85.9,68.0,51.0,36.0,58.0,64.0,76.0
STU00525,Meera Gupta,Male,18,10,Nagpur,80.8,56.0,37.0,62.0,73.0,56.0,92.0
STU00575,Anjali Pandey,Female,17,9,Mumbai,66.0,65.0,80.0,73.0,,58.0,51.0
STU00683,Riya Sharma,Male,15,11,Nagpur,97.8,77.0,35.0,49.0,63.0,85.0,52.0
STU01043,Sai Yadav,Male,16,11,Lucknow,72.7,66.0,45.0,12.0,,91.0,48.0
STU00694,Riya Reddy,Male,15,12,Hyderabad,70.3,55.0,85.0,70.0,64.0,87.0,64.0
STU00705,Aarav Patel,Female,16,12,Ahmedabad,89.5,34.0,49.0,71.0,70.0,52.0,48.0
STU00702,Aryan Reddy,Male,15,9,Pune,68.5,60.0,62.0,-5,40.0,93.0,46.0
STU00113,Sneha Reddy,Female,14,10,Jaipur,100.0,50.0,55.0,69.0,48.0,69.0,38.0
STU00103,Priya Patel,Female,17,10,Chandigarh,77.0,60.0,64.0,69.0,47.0,70.0,29.0
STU00415,Suresh Sharma,Female,18,9,Indore,100.0,58.0,28.0,,56.0,66.0,61.0
STU00590,Kabir Sharma,Male,18,10,Nagpur,85.9,62.0,53.0,39.0,44.0,58.0,70.0
STU00191,Aarav Mishra,Female,17,12,Chandigarh,74.2,76.0,39.0,54.0,64.0,60.0,55.0
STU01148,Sneha Bhat,Female,18,10,Chennai,91.0,86.0,44.0,52.0,85.0,87.0,86.0
STU00984,Rahul Rao,Male,18,9,Indore,73.6,67.0,49.0,,88.0,46.0,79.0
STU00741,Reyansh Sharma,Male,15,9,Ahmedabad,67.9,40.0,78.0,54.0,52.0,100.0,64.0
STU00053,Nisha Kapoor,Male,14,10,Indore,87.4,65.0,73.0,86.0,64.0,50.0,27.0
STU00029,Kavya Kumar,Female,18,11,Nagpur,56.1,76.0,89.0,47.0,100.0,81.0,48.0
STU00066,Riya Joshi,Female,16,10,Lucknow,81.0,89.0,52.0,63.0,56.0,66.0,66.0
STU00875,Aman Malhotra,male,16,10,Patna,68.4,61.0,69.0,22.0,58.0,100.0,40.0
STU00246,Deepak Pandey,Female,15,10,Patna,86.8,56.0,70.0,55.0,53.0,75.0,26.0
STU00803,Arjun Pandey,Female,14,11,Chennai,73.9,67.0,75.0,48.0,47.0,92.0,48.0
STU00968,Sai Kumar,Male,15,11,Chennai,79.6,62.0,34.0,52.0,55.0,45.0,71.0
STU01138,Krishna Iyer,Male,16,12,Lucknow,69.2,64.0,75.0,60.0,75.0,75.0,92.0
STU00844,Diya Iyer,Female,17,10,Bengaluru,,30.0,70.0,66.0,40.0,,53.0
STU00595,Riya Sharma,Female,16,12,Delhi,95.8,79.0,47.0,76.0,64.0,61.0,63.0
STU00928,Arjun Pandey,Male,14,10,Lucknow,70.6,62.0,56.0,70.0,60.0,76.0,61.0
STU00309,Rohan Patel,Male,15,10,Ahmedabad,81.5,100.0,84.0,78.0,32.0,22.0,64.0
STU00903,Sai Sharma,Female,15,12,Bengaluru,82.5,91.0,56.0,48.0,71.0,95.0,42.0
STU00387,Aarav Malhotra,Male,18,10,Patna,65.7,63.0,63.0,73.0,74.0,89.0,66.0
STU00872,Priya Sharma,male,17,11,Kolkata,,54.0,57.0,50.0,60.0,77.0,61.0
STU00355,Ishita Rao,Male,18,11,Ahmedabad,84.5,46.0,69.0,70.0,AB,48.0,35.0
STU00059,Vivaan Gupta,Female,15,11,Bengaluru,91.2,71.0,91.0,41.0,53.0,94.0,53.0
STU00160,Deepak Kapoor,Male,18,10,Delhi,100.0,51.0,60.0,30.0,72.0,50.0,79.0
STU00187,Ananya Nair,Female,18,10,Indore,100.0,70.0,56.0,44.0,28.0,24.0,59.0
STU00245,Shreya Chauhan,Male,18,12,Bhopal,86.0,68.0,74.0,58.0,90.0,89.0,26.0
STU01066,Sneha Agarwal,Male,16,10,Pune,72.4,48.0,76.0,100.0,80.0,92.0,100.0
STU00076,Suresh Patel,Male,17,9,Hyderabad,73.8,67.0,85.0,60.0,56.0,73.0,58.0
STU00158,Rohan Yadav,Male,15,11,Chennai,,72.0,66.0,43.0,92.0,68.0,50.0
STU00127,Krishna Reddy,Male,15,9,Hyderabad,79.6,48.0,64.0,70.0,57.0,61.0,28.0
STU00745,Arjun Mehta,Female,15,12,Chandigarh,81.3,79.0,71.0,33.0,52.0,90.0,73.0
STU00724,Deepak Agarwal,Male,18,10,Mumbai,90.0,68.0,82.0,68.0,62.0,60.0,70.0
STU00323,Shreya Reddy,Female,17,9,Jaipur,,100.0,54.0,46.0,45.0,88.0,75.0
STU00874,Vijay Nair,Female,17,10,Chennai,93.7,100.0,74.0,67.0,70.0,63.0,34.0
STU01064,Dhruv Chauhan,Male,15,9,Ahmedabad,70.5,37.0,48.0,70.0,80.0,100.0,32.0
STU00805,Rohan Gupta,Male,17,10,Chandigarh,89.3,43.0,63.0,50.0,47.0,,67.0
STU00213,Ananya Kumar,Female,16,11,Ahmedabad,77.1,82.0,83.0,54.0,39.0,57.0,86.0
STU00778,Priya Kumar,Female,18,10,Chandigarh,96.7,61.0,63.0,34.0,77.0,74.0,68.0
STU00104,Shreya Agarwal,Male,17,9,Hyderabad,92.0,66.0,49.0,82.0,96.0,78.0,62.0
STU00754,Rakesh Rao,Female,17,9,Delhi,97.5,,54.0,59.0,54.0,53.0,36.0
STU00973,Yash Gupta,Male,16,9,Chennai,,63.0,52.0,82.0,65.0,58.0,95.0
STU01168,Riya Mehta,Male,17,11,Jaipur,84.4,53.0,70.0,69.0,59.0,49.0,50.0
STU00846,Shreya Pandey,Male,14,11,Chennai,66.5,65.0,69.0,91.0,43.0,72.0,74.0
STU01012,Meera Joshi,Male,17,11,Mumbai,68.0,77.0,32.0,61.0,71.0,86.0,42.0
STU00521,Sneha Pandey,Male,15,9,Delhi,72.3,60.0,40.0,55.0,77.0,100.0,43.0
STU01147,Rohan Malhotra,Female,15,12,Hyderabad,85.3,45.0,50.0,66.0,54.0,90.0,53.0
STU00967,Vikram Agarwal,Female,15,12,Mumbai,88.1,98.0,58.0,40.0,35.0,93.0,77.0
STU00771,Ishita Singh,Male,17,11,Hyderabad,72.2,64.0,15.0,72.0,23.0,46.0,57.0
STU00229,Sai Chauhan,Female,17,9,Nagpur,75.9,54.0,44.0,77.0,41.0,58.0,82.0
STU00750,Priya Bhat,Female,17,11,Mumbai,-8.4,49.0,47.0,80.0,79.0,76.0,64.0
STU00274,Diya Joshi,Male,17,12,Hyderabad,87.5,67.0,47.0,61.0,26.0,62.0,76.0
STU00876,Deepak Pandey,Female,15,10,Patna,82.0,56.0,25.0,39.0,76.0,51.0,61.0
STU00183,Arjun Mehta,Female,14,9,Hyderabad,72.2,63.0,38.0,66.0,68.0,73.0,51.0
STU01002,Yash Rao,Female,15,10,Chennai,100.0,69.0,41.0,52.0,40.0,70.0,30.0
STU01032,Sai Malhotra,Female,14,12,Chennai,60.5,95.0,67.0,29.0,90.0,57.0,64.0
STU00198,Sneha Pandey,Female,18,10,Delhi,61.8,64.0,71.0,70.0,69.0,63.0,46.0
STU00794,Aman Verma,Male,17,9,Mumbai,76.7,86.0,18.0,,42.0,80.0,63.0
STU00670,Nisha Iyer,Female,15,10,Jaipur,62.0,82.0,24.0,62.0,57.0,43.0,69.0
STU00463,Rohan Mishra,Female,16,9,Pune,66.4,73.0,55.0,89.0,77.0,,68.0
STU00452,Ishaan Pandey,Male,16,12,Lucknow,100.0,66.0,35.0,54.0,56.0,68.0,69.0
STU00090,Rakesh Mehta,Female,16,11,Delhi,75.9,70.0,64.0,60.0,58.0,65.0,82.0
STU01193,Krishna Pandey,Male,18,11,Nagpur,100.0,53.0,48.0,46.0,78.0,62.0,16.0
STU01200,Kabir Malhotra,Female,14,10,Mumbai,81.1,55.0,32.0,66.0,,69.0,37.0
STU00487,Ishita Rao,Male,15,12,Mumbai,69.7,68.0,45.0,,53.0,97.0,60.0
STU00051,Vikram Kumar,Male,18,10,Kolkata,66.5,44.0,88.0,68.0,53.0,42.0,50.0
STU00700,Vivaan Patel,Male,14,10,Chennai,64.4,49.0,47.0,11.0,90.0,69.0,36.0
STU00854,Vijay Mishra,Female,16,9,Ahmedabad,80.4,100.0,46.0,31.0,36.0,81.0,96.0
STU00416,Rohan Singh,Male,15,9,Ahmedabad,59.8,87.0,64.0,56.0,42.0,70.0,51.0
STU00677,Ishita Mishra,Male,15,12,Pune,82.3,87.0,77.0,47.0,56.0,75.0,80.0
STU00367,Rakesh Kapoor,Male,17,12,Pune,91.0,71.0,79.0,98.0,55.0,53.0,58.0
STU00535,Karthik Sharma,Female,17,12,Delhi,77.5,61.0,65.0,58.0,87.0,85.0,77.0
STU00831,Pooja Chauhan,Male,16,11,Hyderabad,87.6,75.0,34.0,79.0,53.0,58.0,37.0
STU00235,Krishna Mishra,Male,14,12,Pune,85.2,91.0,47.0,64.0,69.0,58.0,59.0
STU00490,Rahul Joshi,Male,15,9,Chandigarh,89.4,37.0,54.0,63.0,26.0,63.0,47.0
STU00681,Vihaan Verma,Male,18,9,Kolkata,59.1,80.0,32.0,55.0,61.0,60.0,38.0
STU01060,Kavya Malhotra,Male,17,10,Nagpur,75.0,51.0,31.0,38.0,50.0,70.0,57.0
STU00868,Suresh Kapoor,female,18,9,Lucknow,82.1,81.0,54.0,83.0,25.0,74.0,32.0
STU00582,Vikram Mehta,Female,18,10,Bengaluru,100.0,70.0,76.0,97.0,63.0,42.0,59.0
STU00402,Sanya Mishra,MALE,16,12,Delhi,95.6,37.0,67.0,48.0,57.0,76.0,AB
STU00699,Pooja Yadav,Male,18,10,Patna,84.3,52.0,23.0,68.0,90.0,54.0,74.0
STU00738,Vijay Reddy,Female,18,9,Pune,71.9,59.0,77.0,79.0,42.0,49.0,80.0
STU00439,Kavya Malhotra,Male,18,9,Patna,,78.0,86.0,61.0,79.0,46.0,58.0
STU00528,Vihaan Agarwal,Female,15,10,Kolkata,92.3,38.0,78.0,70.0,56.0,72.0,59.0
STU01022,Tanvi Malhotra,Male,17,12,Chennai,100.0,45.0,38.0,17.0,,96.0,47.0
STU00369,Tanvi Reddy,Male,15,9,Kolkata,85.5,57.0,68.0,80.0,66.0,47.0,35.0
STU00877,Neha Nair,Female,16,10,Jaipur,95.3,82.0,77.0,47.0,50.0,,60.0
STU00718,Dhruv Gupta,Female,17,11,Mumbai,89.3,100.0,AB,57.0,53.0,60.0,44.0
STU00864,Deepak Joshi,Male,16,11,Kolkata,91.3,99.0,69.0,70.0,46.0,52.0,44.0
STU00152,Aarav Pandey,Female,14,12,Nagpur,,70.0,66.0,38.0,52.0,46.0,78.0
STU01183,Shreya Verma,Male,18,9,Pune,93.3,65.0,57.0,59.0,30.0,66.0,51.0
STU00133,Vijay Joshi,Female,18,12,Kolkata,82.0,54.0,89.0,57.0,,66.0,77.0
STU00739,Ishita Nair,Male,18,10,Mumbai,88.5,60.0,61.0,47.0,25.0,40.0,59.0
STU00030,Tanvi Yadav,Male,16,10,Ahmedabad,89.0,54.0,75.0,48.0,78.0,71.0,40.0
STU00640,Aarav Pandey,Female,16,10,Pune,81.8,40.0,51.0,38.0,59.0,77.0,47.0
STU00941,Yash Patel,Female,17,12,Indore,92.3,70.0,55.0,76.0,44.0,53.0,50.0
STU00239,Vikram Sharma,Female,18,12,Lucknow,80.2,96.0,92.0,81.0,86.0,71.0,66.0
STU00674,Suresh Malhotra,Female,14,11,Kolkata,93.7,37.0,43.0,44.0,67.0,51.0,62.0
STU01182,Amit Gupta,Male,17,12,Mumbai,,,68.0,41.0,52.0,71.0,16.0
STU00774,Anjali Bhat,Male,17,11,Hyderabad,100.0,58.0,55.0,67.0,45.0,61.0,32.0
STU00667,Ananya Bhat,Female,14,9,Bhopal,87.2,,54.0,44.0,82.0,98.0,81.0
STU00324,Priya Mehta,Female,17,12,Chennai,75.8,69.0,87.0,66.0,46.0,68.0,55.0
STU00629,Ishaan Joshi,FEMALE,14,10,Lucknow,89.1,49.0,88.0,55.0,56.0,AB,AB
STU01155,Dhruv Mehta,Male,17,10,Lucknow,,61.0,39.0,65.0,68.0,61.0,84.0
STU00855,Rohan Singh,Male,15,12,Bhopal,79.8,32.0,43.0,71.0,11.0,39.0,72.0
STU00770,Sneha Chauhan,Male,15,9,Kolkata,,58.0,61.0,42.0,64.0,80.0,69.0
STU01177,Sneha Rao,Female,18,11,Bengaluru,81.6,54.0,36.0,25.0,63.0,56.0,40.0
STU01119,Rohan Patel,Male,17,10,Hyderabad,70.3,51.0,69.0,50.0,32.0,48.0,60.0
STU01021,Aryan Pandey,Male,17,11,Chennai,89.4,66.0,69.0,46.0,53.0,66.0,42.0
STU00380,Sai Malhotra,Female,16,10,Bhopal,73.1,67.0,46.0,75.0,56.0,70.0,50.0
STU00748,Ananya Iyer,Female,14,9,Bengaluru,77.6,66.0,63.0,59.0,50.0,100.0,39.0
STU00351,Sanya Chauhan,Male,14,10,Kolkata,83.0,76.0,84.0,66.0,21.0,52.0,50.0
STU00052,Aman Sharma,Male,17,9,Lucknow,73.0,50.0,85.0,78.0,41.0,,64.0
STU00508,Sanya Bhat,Male,17,10,Kolkata,100.0,86.0,31.0,85.0,34.0,50.0,83.0
STU00576,Rahul Mehta,Female,17,10,Patna,68.3,52.0,58.0,42.0,67.0,,61.0
STU00234,Reyansh Joshi,Male,14,9,Bhopal,75.1,32.0,,58.0,80.0,,70.0
STU00744,Reyansh Sharma,Male,17,9,Bengaluru,59.5,61.0,37.0,48.0,55.0,62.0,56.0
STU00479,Ananya Chauhan,Female,15,11,Pune,94.9,73.0,46.0,70.0,87.0,AB,40.0
STU01000,Aryan Patel,Female,16,12,Nagpur,76.4,69.0,36.0,76.0,92.0,75.0,27.0
STU00194,Aditya Bhat,Male,16,9,Chennai,87.8,28.0,82.0,54.0,93.0,55.0,53.0
STU00405,Yash Agarwal,Male,16,12,Mumbai,50.3,78.0,78.0,66.0,73.0,96.0,54.0
STU00884,Sanya Rao,Male,16,9,Indore,78.5,30.0,78.0,84.0,62.0,57.0,46.0
STU00488,Sai Singh,Male,18,10,Ahmedabad,60.9,74.0,80.0,67.0,44.0,96.0,77.0
STU00472,Rakesh Rao,Female,16,9,Pune,81.5,42.0,,38.0,68.0,33.0,81.0
STU00257,Vikram Bhat,Male,18,11,Lucknow,62.6,66.0,83.0,41.0,49.0,100.0,56.0
STU00895,Priya Kapoor,FEMALE,16,11,Kolkata,93.6,70.0,73.0,85.0,44.0,51.0,74.0
STU01101,Rahul Sharma,Female,18,10,Chandigarh,89.7,59.0,59.0,74.0,50.0,60.0,
STU00139,Priya Kapoor,Female,15,9,Mumbai,82.5,65.0,52.0,57.0,47.0,80.0,88.0
STU00492,Kavya Chauhan,Female,18,11,Jaipur,100.0,13.0,72.0,47.0,34.0,56.0,21.0
STU00579,Arjun Pandey,Male,16,9,Pune,85.3,70.0,,84.0,34.0,100.0,80.0
STU00707,Kabir Kapoor,Male,14,9,Indore,,45.0,26.0,85.0,79.0,62.0,33.0
STU00207,Aryan Gupta,Female,16,11,Chandigarh,64.8,64.0,28.0,52.0,56.0,,72.0
STU00849,Priya Gupta,Male,18,10,Bhopal,96.2,,,89.0,99.0,80.0,80.0
STU01058,Tanvi Singh,Female,15,12,Indore,93.3,71.0,,65.0,4.0,52.0,44.0
STU00001,Vihaan Kapoor,Female,17,11,Bhopal,72.3,95.0,72.0,54.0,56.0,98.0,
STU00227,Ishita Sharma,Male,15,11,Lucknow,65.5,68.0,83.0,68.0,46.0,86.0,48.0
STU00250,Deepak Iyer,Male,18,9,Patna,63.5,84.0,68.0,,68.0,71.0,60.0
STU00890,Dhruv Yadav,Male,15,12,Jaipur,69.3,48.0,38.0,32.0,98.0,47.0,28.0
STU00706,Aditya Joshi,Male,18,9,Chandigarh,88.8,57.0,74.0,59.0,50.0,74.0,86.0
STU00980,Meera Kumar,Female,14,10,Bengaluru,82.6,67.0,66.0,89.0,36.0,57.0,100.0
STU01030,Yash Iyer,Female,16,12,Indore,69.8,52.0,49.0,74.0,43.0,100.0,58.0
STU00284,Rohan Singh,Male,16,9,Bengaluru,73.9,30.0,63.0,61.0,56.0,78.0,26.0
STU00314,Karthik Nair,Female,14,9,Hyderabad,100.0,66.0,79.0,65.0,53.0,82.0,67.0
STU00597,Reyansh Malhotra,Female,18,12,Nagpur,100.0,78.0,56.0,49.0,56.0,96.0,71.0
STU00060,Rohan Gupta,Female,17,10,Bengaluru,,64.0,56.0,69.0,34.0,52.0,50.0
STU00048,Manoj Patel,Male,14,11,Patna,100.0,50.0,66.0,35.0,36.0,76.0,29.0
STU01133,Arjun Verma,Female,15,12,Bhopal,100.0,61.0,57.0,49.0,47.0,80.0,93.0
STU01090,Neha Rao,Male,15,10,Jaipur,88.5,75.0,41.0,49.0,54.0,AB,33.0
STU00987,Anjali Reddy,Female,17,11,Pune,54.5,78.0,72.0,33.0,,40.0,24.0
STU00970,Amit Singh,Male,16,11,Lucknow,75.7,75.0,46.0,76.0,50.0,81.0,63.0
STU01169,Priya Bhat,Male,14,10,Jaipur,84.6,61.0,50.0,39.0,71.0,77.0,72.0
STU01175,Ishaan Mehta,Male,18,9,Nagpur,100.0,73.0,58.0,67.0,47.0,77.0,46.0
STU00759,Ishita Sharma,Female,16,10,Chandigarh,70.2,52.0,50.0,75.0,38.0,62.0,67.0
STU00979,Kavya Mehta,Male,17,11,Bhopal,80.9,47.0,62.0,42.0,40.0,63.0,54.0
STU01123,Sneha Bhat,Male,17,11,Ahmedabad,100.0,55.0,95.0,108,31.0,67.0,71.0
STU00313,Pooja Singh,Female,18,9,Jaipur,73.7,57.0,59.0,70.0,20.0,69.0,55.0
STU00092,Ishita Yadav,Female,16,12,Indore,73.3,42.0,85.0,80.0,38.0,47.0,
STU00722,Deepak Iyer,Male,17,10,Chennai,70.9,42.0,76.0,47.0,33.0,61.0,41.0
STU00735,Nisha Verma,Female,14,10,Ahmedabad,69.5,68.0,67.0,33.0,AB,79.0,71.0
STU00812,Rakesh Sharma,Male,15,12,Bengaluru,63.3,52.0,30.0,37.0,66.0,94.0,53.0
STU00460,Kabir Chauhan,Male,15,10,Ahmedabad,70.3,67.0,60.0,67.0,53.0,62.0,73.0
STU01136,Dhruv Reddy,Female,15,10,Pune,99.6,69.0,44.0,66.0,16.0,100.0,31.0
STU00850,Rahul Agarwal,Male,18,9,Indore,76.8,51.0,85.0,49.0,70.0,,83.0
STU00384,Pooja Rao,Male,18,9,Chennai,86.7,28.0,27.0,32.0,74.0,71.0,52.0
STU00018,Manoj Verma,Female,15,9,Bengaluru,,,16.0,42.0,54.0,78.0,61.0
STU00956,Aditya Pandey,Female,16,12,Lucknow,85.4,59.0,42.0,,53.0,,44.0
STU01087,Vijay Kapoor,Female,18,10,Delhi,85.1,59.0,78.0,41.0,49.0,47.0,30.0
STU01067,Sanya Nair,Female,17,9,Bengaluru,79.6,,56.0,83.0,65.0,90.0,
STU00988,Riya Verma,Female,17,11,Bengaluru,81.3,89.0,74.0,73.0,54.0,36.0,38.0
STU01015,Kavya Reddy,Female,16,10,Delhi,82.0,76.0,67.0,66.0,42.0,75.0,52.0
STU01173,Aditi Patel,Male,16,12,Ahmedabad,73.3,51.0,47.0,39.0,44.0,61.0,69.0
STU01146,Yash Reddy,Male,14,10,Chandigarh,56.9,61.0,27.0,,57.0,44.0,62.0
STU00126,Krishna Rao,Female,14,9,Nagpur,100.0,55.0,37.0,100.0,43.0,72.0,62.0
STU00512,Suresh Bhat,Male,18,12,Hyderabad,73.6,62.0,41.0,94.0,35.0,73.0,80.0
STU00077,Rakesh Patel,Male,16,10,Hyderabad,100.0,59.0,51.0,71.0,75.0,82.0,100.0
STU00931,Tanvi Patel,Male,18,9,Bengaluru,80.2,77.0,50.0,74.0,75.0,49.0,53.0
STU00142,Meera Rao,Female,16,9,Kolkata,81.6,71.0,80.0,76.0,100.0,96.0,86.0
STU00586,Neha Chauhan,Female,18,11,Jaipur,69.2,73.0,64.0,62.0,50.0,100.0,80.0
STU00819,Reyansh Chauhan,Female,18,11,Hyderabad,81.1,70.0,49.0,52.0,58.0,72.0,68.0
STU01174,Karthik Kapoor,Male,14,10,Mumbai,66.6,61.0,73.0,24.0,66.0,45.0,71.0
STU00788,Sai Reddy,Female,18,9,Chennai,73.4,54.0,84.0,45.0,26.0,65.0,87.0
STU00556,Neha Singh,Female,18,11,Chandigarh,86.2,38.0,50.0,41.0,36.0,82.0,92.0
STU01057,Rakesh Mishra,Female,16,10,Lucknow,77.9,52.0,83.0,96.0,43.0,,50.0
STU00016,Priya Singh,Female,15,9,Hyderabad,72.5,90.0,32.0,,71.0,47.0,
STU00436,Priya Singh,Male,18,9,Chennai,67.2,99.0,74.0,78.0,48.0,99.0,57.0
STU00499,Kavya Nair,Female,14,10,Mumbai,76.2,23.0,80.0,70.0,57.0,86.0,78.0
STU00620,Aryan Sharma,Female,17,9,Patna,91.5,39.0,49.0,80.0,52.0,72.0,64.0
STU00451,Aarav Sharma,Male,14,12,Kolkata,93.0,61.0,60.0,74.0,26.0,60.0,85.0
STU00767,Deepak Kumar,Female,15,11,Hyderabad,69.6,80.0,79.0,63.0,AB,,74.0
STU00036,Nisha Kumar,Male,16,9,Bengaluru,96.6,51.0,84.0,80.0,55.0,77.0,57.0
STU00948,Sai Pandey,Female,15,10,Bengaluru,84.2,76.0,47.0,67.0,57.0,73.0,52.0
STU00982,Sai Bhat,Female,14,11,Mumbai,90.6,91.0,43.0,51.0,46.0,78.0,43.0
STU00242,Kabir Kapoor,Male,14,9,Ahmedabad,79.9,89.0,71.0,59.0,59.0,51.0,44.0
STU00530,Ananya Reddy,MALE,16,10,Chandigarh,58.4,90.0,58.0,53.0,52.0,59.0,55.0
STU00344,Ananya Joshi,Male,16,11,Chandigarh,,71.0,89.0,58.0,34.0,72.0,62.0
STU00887,Rahul Nair,Male,17,12,Bhopal,82.4,86.0,56.0,36.0,32.0,70.0,69.0
STU00507,Rohan Reddy,Male,15,12,Patna,67.8,37.0,40.0,63.0,79.0,50.0,48.0
STU00458,Aditi Rao,Female,15,11,Chandigarh,59.1,88.0,71.0,79.0,32.0,69.0,66.0
STU00216,Vihaan Malhotra,Female,18,11,Bhopal,60.8,60.0,76.0,28.0,40.0,81.0,69.0
STU00209,Amit Gupta,Female,17,10,Lucknow,86.1,70.0,53.0,66.0,33.0,80.0,92.0
STU00946,Krishna Singh,Female,14,11,Pune,72.8,41.0,56.0,30.0,48.0,95.0,54.0
STU00065,Riya Chauhan,Female,18,10,Jaipur,,65.0,58.0,67.0,59.0,44.0,53.0
STU00011,Sanya Nair,Female,15,10,Indore,100.0,44.0,23.0,89.0,59.0,88.0,25.0
STU00253,Kabir Rao,Female,18,10,Patna,91.5,46.0,15.0,73.0,77.0,,64.0
STU00604,Sanya Malhotra,Female,16,10,Patna,70.9,75.0,87.0,45.0,54.0,76.0,55.0
STU00806,Nisha Gupta,FEMALE,14,11,Patna,96.6,AB,60.0,75.0,51.0,65.0,58.0
STU01125,Reyansh Iyer,Male,18,9,Jaipur,81.5,74.0,,36.0,44.0,68.0,47.0
STU00315,Sanya Nair,Female,15,12,Chennai,68.3,55.0,46.0,65.0,85.0,37.0,76.0
STU00519,Rakesh Sharma,Female,17,9,Pune,85.8,71.0,35.0,59.0,74.0,77.0,73.0
STU00466,Kavya Yadav,Female,18,11,Pune,75.9,66.0,48.0,61.0,62.0,64.0,31.0
STU00932,Vikram Nair,Female,14,12,Indore,82.5,42.0,62.0,81.0,70.0,87.0,98.0
STU00964,Rahul Gupta,Male,14,11,Chennai,87.4,45.0,79.0,45.0,35.0,76.0,52.0
STU00843,Rahul Mehta,Female,17,10,Chandigarh,,43.0,62.0,64.0,64.0,100.0,87.0
STU00368,Ishaan Yadav,MALE,14,9,Hyderabad,95.8,70.0,16.0,87.0,57.0,55.0,58.0
STU00146,Aman Patel,Female,17,12,Chennai,69.7,51.0,34.0,71.0,70.0,87.0,59.0
STU00363,Nisha Gupta,Female,15,12,Jaipur,86.8,77.0,61.0,44.0,29.0,55.0,44.0
STU00631,Kabir Mishra,Male,18,10,Bengaluru,94.7,70.0,49.0,58.0,51.0,66.0,61.0
STU00091,Deepak Kumar,Male,18,9,Bhopal,93.3,74.0,29.0,46.0,42.0,99.0,53.0
STU00322,Suresh Rao,Female,17,12,Chandigarh,86.2,83.0,66.0,71.0,56.0,49.0,59.0
STU00186,Karthik Yadav,Male,14,12,Mumbai,76.2,84.0,74.0,54.0,52.0,85.0,58.0
STU00925,Sanya Kumar,Male,15,10,Indore,100.0,32.0,50.0,54.0,,87.0,41.0
STU00869,Sanya Verma,Male,17,11,Patna,71.3,39.0,55.0,37.0,40.0,74.0,68.0
STU00757,Tanvi Reddy,Female,14,11,Bhopal,95.7,82.0,59.0,64.0,44.0,62.0,97.0
STU00120,Dhruv Chauhan,Female,16,10,Delhi,70.7,57.0,11.0,56.0,36.0,73.0,62.0
STU01063,Tanvi Patel,Male,16,12,Indore,78.9,29.0,79.0,65.0,49.0,95.0,51.0
STU00841,Deepak Sharma,Male,17,10,Nagpur,100.0,65.0,71.0,44.0,42.0,40.0,54.0
STU00494,Pooja Reddy,Female,17,10,Bhopal,99.0,31.0,71.0,64.0,68.0,55.0,51.0
STU00444,Aditya Kumar,Male,18,12,Ahmedabad,45.4,60.0,68.0,56.0,47.0,81.0,36.0
STU00339,Aditi Verma,Female,14,12,Chennai,79.8,84.0,68.0,32.0,9.0,49.0,48.0
STU01109,Priya Agarwal,Female,17,10,Bhopal,87.0,63.0,,47.0,,79.0,61.0
STU00225,Sanya Patel,Male,18,10,Chandigarh,76.0,34.0,,68.0,66.0,51.0,100.0
STU00020,Aryan Chauhan,Male,18,12,Hyderabad,89.5,55.0,53.0,60.0,43.0,62.0,42.0
STU01097,Aryan Singh,Female,14,9,Indore,72.2,12.0,33.0,65.0,58.0,100.0,25.0
STU00419,Aman Kumar,Female,14,12,Hyderabad,100.0,67.0,50.0,54.0,66.0,87.0,56.0
STU01100,Riya Kumar,Female,18,12,Pune,,44.0,64.0,74.0,56.0,78.0,71.0
STU00992,Aditya Kapoor,Female,14,12,Chennai,70.2,62.0,69.0,76.0,53.0,48.0,92.0
STU00386,Meera Agarwal,Female,17,11,Delhi,92.3,50.0,47.0,52.0,77.0,55.0,63.0
STU00930,Sanya Malhotra,Male,16,12,Mumbai,95.6,47.0,69.0,80.0,44.0,38.0,86.0
STU00453,Priya Malhotra,Male,17,12,Chennai,87.1,94.0,56.0,76.0,100.0,71.0,64.0
STU00265,Rakesh Mishra,Female,16,11,Pune,92.6,63.0,36.0,66.0,66.0,65.0,41.0
STU01065,Aditya Reddy,FEMALE,18,9,Delhi,86.4,43.0,,58.0,59.0,86.0,30.0
STU00161,Dhruv Gupta,Female,15,9,Delhi,,51.0,31.0,80.0,66.0,100.0,43.0
STU00111,Sai Rao,Male,18,12,Nagpur,76.0,72.0,AB,56.0,42.0,49.0,75.0
STU00304,Dhruv Mehta,Male,16,11,Jaipur,85.4,,46.0,70.0,52.0,46.0,81.0
STU01188,Anjali Agarwal,Male,16,9,Patna,75.5,76.0,44.0,65.0,75.0,44.0,4.0
STU00049,Rohan Yadav,Female,14,9,Pune,,55.0,,42.0,56.0,80.0,70.0
STU00510,Vivaan Gupta,Male,16,9,Ahmedabad,73.9,38.0,51.0,28.0,41.0,100.0,43.0
STU00019,Suresh Bhat,Female,16,12,Hyderabad,92.7,58.0,77.0,64.0,60.0,59.0,
STU01068,Diya Yadav,Male,18,9,Jaipur,,67.0,37.0,79.0,51.0,78.0,82.0
STU00935,Vivaan Kapoor,Male,17,10,Indore,77.1,90.0,33.0,,75.0,74.0,55.0
STU01115,Aryan Agarwal,Male,16,11,Delhi,72.0,85.0,60.0,44.0,46.0,86.0,64.0
STU00886,Karthik Nair,Male,16,9,Bengaluru,82.9,39.0,50.0,66.0,59.0,48.0,52.0
STU00276,Aman Nair,Male,15,9,Bhopal,100.0,54.0,35.0,40.0,52.0,67.0,79.0
STU00115,Kavya Kumar,Male,17,9,Nagpur,73.2,,99.0,44.0,,77.0,63.0
STU00728,Riya Verma,Female,15,11,Chennai,54.9,44.0,18.0,49.0,78.0,69.0,44.0
STU01156,Aryan Verma,Female,17,10,Chandigarh,88.8,62.0,51.0,22.0,61.0,42.0,93.0
STU00002,Meera Iyer,Female,16,12,Chennai,,45.0,84.0,69.0,,58.0,100.0
STU00228,Aditi Joshi,male,14,11,Indore,,79.0,49.0,47.0,,88.0,33.0
STU00134,Diya Reddy,F,18,10,Hyderabad,85.4,66.0,43.0,90.0,38.0,63.0,53.0
STU00249,Arjun Nair,Female,15,9,Bhopal,91.9,58.0,51.0,34.0,27.0,60.0,35.0
STU00497,Krishna Iyer,Male,14,11,Jaipur,71.8,82.0,48.0,33.0,55.0,95.0,51.0
STU00961,Yash Mehta,Male,14,10,Bengaluru,64.2,45.0,74.0,57.0,55.0,65.0,48.0
STU00336,Amit Chauhan,Male,14,9,Kolkata,70.1,47.0,94.0,47.0,-5,65.0,97.0
STU00440,Kavya Chauhan,Female,18,10,Patna,76.5,94.0,67.0,AB,56.0,66.0,41.0
STU01167,Kabir Bhat,Male,17,11,Kolkata,96.7,83.0,108,49.0,58.0,16.0,53.0
STU00813,Riya Agarwal,Male,17,10,Delhi,87.5,64.0,10.0,63.0,94.0,38.0,43.0
STU01052,Reyansh Gupta,Female,16,10,Bengaluru,95.1,77.0,22.0,59.0,47.0,59.0,33.0
STU00442,Diya Kumar,Male,18,10,Indore,74.8,85.0,,28.0,52.0,52.0,63.0
STU01163,Tanvi Bhat,Male,18,11,Indore,68.2,94.0,76.0,68.0,91.0,70.0,66.0
STU01114,Manoj Mishra,Male,14,10,Nagpur,69.7,74.0,75.0,45.0,59.0,,72.0
STU00839,Sai Iyer,Female,14,9,Chennai,65.5,54.0,,78.0,,65.0,63.0
STU01048,Reyansh Kapoor,Female,17,10,Kolkata,94.0,100.0,52.0,69.0,46.0,87.0,60.0
STU01104,Sai Bhat,Male,17,11,Lucknow,83.6,65.0,40.0,41.0,76.0,51.0,58.0
STU01150,Ishaan Pandey,Male,16,10,Indore,73.5,58.0,57.0,42.0,64.0,62.0,59.0
STU00243,Priya Singh,Male,15,12,Lucknow,70.7,75.0,88.0,41.0,88.0,75.0,56.0
STU00684,Dhruv Rao,Female,18,12,Bengaluru,62.9,63.0,55.0,53.0,55.0,65.0,84.0
STU00658,Rakesh Patel,Male,15,11,Bengaluru,64.9,50.0,59.0,72.0,40.0,62.0,
STU00505,Tanvi Mehta,Male,15,10,Chandigarh,92.4,47.0,60.0,65.0,,65.0,60.0
STU00409,Vivaan Gupta,Male,16,11,Chennai,-7.1,85.0,61.0,54.0,90.0,64.0,
STU01133,Arjun Verma,Female,15,12,Bhopal,100.0,61.0,57.0,49.0,47.0,80.0,93.0
STU01106,Anjali Kapoor,Male,14,10,Pune,76.3,59.0,70.0,10.0,80.0,38.0,54.0
STU01062,Aditi Chauhan,Female,16,9,Bhopal,,61.0,56.0,45.0,46.0,53.0,64.0
STU00141,Aryan Rao,Male,17,10,Nagpur,85.2,80.0,2.0,70.0,AB,51.0,74.0
STU00547,Vikram Nair,Female,16,11,Patna,84.0,67.0,59.0,52.0,11.0,100.0,54.0
STU00901,Aditya Rao,Female,17,9,Pune,78.4,100.0,91.0,83.0,50.0,84.0,65.0
STU00638,Shreya Malhotra,Male,14,9,Ahmedabad,82.9,51.0,24.0,56.0,43.0,56.0,42.0
STU00689,Amit Kapoor,Female,18,11,Patna,89.7,94.0,,36.0,52.0,63.0,60.0
STU00622,Amit Rao,Male,18,12,Jaipur,96.8,69.0,78.0,45.0,25.0,100.0,62.0
STU00851,Kabir Kumar,Female,18,10,Hyderabad,68.4,59.0,49.0,56.0,59.0,59.0,67.0
STU00584,Aarav Nair,Male,15,11,Ahmedabad,84.2,52.0,42.0,90.0,63.0,48.0,55.0
STU00333,Aditi Yadav,Female,16,9,Patna,100.0,62.0,60.0,48.0,48.0,71.0,30.0
STU01116,Neha Verma,Male,14,12,Mumbai,94.1,45.0,86.0,53.0,44.0,77.0,
STU01105,Rohan Gupta,Male,14,10,Chennai,75.9,75.0,40.0,72.0,35.0,76.0,48.0
